id,domain,status,purchase_price,renewal_price,attractiveness,demand,length,registrar,created_at,expires_at,status_verified_at
ac21f21c-5434-401d-8c3d-1a6f1ec6ad17,transformers.vacations,available,38.99,38.99,high,low,12,namesilo,,,02/10/2026 12:20
4a2248f9-3769-4ef7-bdd5-d1ceff5fd256,airline.vacations,premium,828.2,828.2,high,low,7,spaceship,,,02/10/2026 01:24
c150646f-d9db-41e4-9b8e-eb78d1b1212f,convoy.vacations,available,38.99,38.99,high,low,6,namesilo,,,28/09/2026 13:45
55535021-b82e-4397-8f3f-68ba75a98989,ebionite.vacations,available,9.99,50.99,medium,low,8,name.com,,,14/08/2026 23:04
3e04502f-74da-4cde-845f-55dafecff531,bezel.vacations,available,40.98,49.98,medium,low,5,namecheap,,,23/09/2026 12:19
d4bc113b-d7c3-4261-bb75-41bd694e32e6,mediterranean.vacations,premium,207.2,207.2,high,low,13,spaceship,,,29/09/2026 08:26
cfe98fe3-bab8-45f3-abdb-9da6fef84187,overstatement.vacations,available,9.99,,medium,low,13,name.com,,,
f7929065-44ef-4057-9811-644d823d71a4,fizzle.vacations,available,9.99,50.99,medium,low,6,name.com,,,11/08/2026 11:19
56a45958-40e8-4ba2-b6e4-cacadaa2ee1e,requests.vacations,available,38.99,38.99,medium,low,8,namesilo,,,17/09/2026 17:07
7322956d-dbe2-4222-8610-e6ad04a47270,lasers.vacations,available,30.2,30.2,medium,low,6,cloudflare,,,30/09/2026 07:44
26eea32e-68f5-4550-bd76-31c0d5878ad1,keyser.vacations,available,30.2,30.2,medium,low,6,cloudflare,,,01/10/2026 11:13
dfd7e9f1-bb19-4260-b2ed-563ec65a6882,titan.vacations,available,31.25,31.25,high,medium,5,spaceship,,,30/09/2026 03:03
e0fb0369-2262-4e66-8f5a-b7ae76bc2319,earthy.vacations,available,9.99,50.99,high,low,6,name.com,,,14/08/2026 17:31
5239a652-ca05-4047-9bd8-d6e77b6f4452,lovecraft.vacations,available,5.57,32.21,medium,low,9,dynadot,,,01/10/2026 23:57
4258d6eb-fba5-473b-a065-8a974ce8e849,abernathy.vacations,available,31.25,31.25,medium,low,9,spaceship,,,02/10/2026 20:18
ba2393f4-cf05-4d93-8778-dd77778ee0e6,notoriety.vacations,available,31.25,31.25,high,low,9,spaceship,,,02/10/2026 15:47
5a16184a-ef6f-4e1b-9671-c04fcce76e02,derelict.vacations,available,38.99,38.99,medium,low,8,namesilo,,,21/09/2026 13:39
97187f59-0c33-4412-8372-dda01991d748,christina.vacations,available,38.99,38.99,high,low,9,namesilo,,,25/09/2026 14:23
bd1ecb8f-2f86-480b-8e7f-2727bae98a7f,turk.vacations,premium,128.7,128.7,high,low,4,namecheap,,,29/09/2026 08:16
1377defe-3b4c-4a95-a2e8-5cd7ad6aad7f,stalwart.vacations,available,9.99,50.99,high,low,8,name.com,,,21/08/2026 00:53
737c12ca-6722-4eff-8401-23b01a8d4e7f,ancestor.vacations,available,9.99,50.99,high,low,8,name.com,,,
81419262-8197-4abd-a644-357bb65e5b84,seniority.vacations,available,40.98,49.98,high,low,9,namecheap,,,30/09/2026 17:37
f6bedb8f-eb7e-45ec-b1f3-bbb280ce2edc,chu.vacations,available,38.99,38.99,medium,low,3,namesilo,,,25/09/2026 12:27
fcb90902-f5e9-49ed-9dbd-eb4ccf78d3d7,tutelar.vacations,available,9.99,50.99,medium,low,7,name.com,,,13/08/2026 12:23
ff062924-3021-4a15-9080-6950fe54e7ff,verbal.vacations,available,30.2,30.2,high,low,6,cloudflare,,,28/09/2026 10:13
4457f2ce-6932-4592-8054-9ab6f0cdf5e9,blackmailing.vacations,available,30.2,30.2,medium,low,12,cloudflare,,,01/10/2026 23:58
f36fe6f2-f26b-425f-98fc-a8ffd94fa368,catering.vacations,available,31.25,31.25,high,low,8,spaceship,,,28/09/2026 18:37
71fe5a4c-4e4a-4f89-9c56-25888558d992,thicker.vacations,available,31.25,31.25,medium,low,7,spaceship,,,29/09/2026 16:25
ba6316a8-5f35-4922-8407-4be37ecf37be,anal.vacations,available,9.99,50.99,high,low,4,name.com,,,
f7d0dd9e-aede-4247-b18a-135cb39de3e8,tenure.vacations,available,31.25,31.25,high,low,6,spaceship,,,29/09/2026 19:18
88f5d0ed-b177-4f75-9783-300fececac0d,amative.vacations,available,9.99,50.99,medium,low,7,name.com,,,
44c6ea1d-79b3-4a44-8a37-74f0835d93e9,manipulate.vacations,available,31.25,31.25,high,low,10,spaceship,,,28/09/2026 05:48
5b521383-b438-4443-8b86-3d33d2069ca5,distilled.vacations,available,38.99,38.99,medium,low,9,namesilo,,,01/10/2026 12:59
557ac3f0-23d4-44ba-95ff-4ceef2b04769,radium.vacations,available,40.98,49.98,high,low,6,namecheap,,,20/09/2026 23:59
489cb8c4-1085-42aa-8c56-18de0b7b7e7a,slashed.vacations,available,38.99,38.99,medium,low,7,namesilo,,,10/09/2026 10:06
a728194d-30c8-474c-8d25-72c397aff3aa,fervent.vacations,available,9.99,50.99,high,low,7,name.com,,,06/08/2026 16:14
2d2d64d5-0831-4f1d-957e-989722516bbc,med.vacations,premium,220,220,high,medium,3,dynadot,,,01/10/2026 20:29
bd74ec3c-0395-4fc8-90e5-bd1e32be95aa,algin.vacations,available,40.98,49.98,medium,low,5,namecheap,,,18/09/2026 07:04
84144e49-d63e-43ec-904d-e29b9e8649f8,argyle.vacations,available,40.98,49.98,high,low,6,namecheap,,,20/09/2026 04:57
4263c292-8c97-4fe8-a1ff-ac37496bb4a0,clans.vacations,available,31.25,31.25,medium,low,5,spaceship,,,30/09/2026 23:08
8643af79-92fa-4e55-9b12-90195adf1bc6,genic.vacations,available,9.99,50.99,medium,low,5,name.com,,,18/08/2026 21:35
749d53b6-2f93-497f-8145-76af48774efb,alertness.vacations,available,38.99,38.99,high,low,9,namesilo,,,18/09/2026 05:27
58e95144-f0d7-4ff7-a687-af1f12a79043,niebuhr.vacations,available,38.99,38.99,medium,low,7,namesilo,,,22/09/2026 09:08
f87f3ab5-f481-46c0-b2a5-dfde8b602761,longfellow.vacations,available,5.57,32.21,medium,low,10,dynadot,,,29/09/2026 01:16
c1b91a20-0f16-4eb9-a1f7-269b06221d31,instore.vacations,available,9.99,,high,low,8,name.com,,,
6bed9fd9-6a2f-4d22-9ab0-7f5e82afc80f,forrad.vacations,available,9.99,50.99,medium,low,6,name.com,,,18/08/2026 12:58
bc4186d4-9161-47a7-be8a-3700b9b5f753,composer.vacations,available,40.98,49.98,high,low,8,namecheap,,,24/09/2026 16:53
915610d0-9917-47b2-9351-38993a85f878,chirpy.vacations,available,9.99,50.99,high,low,6,name.com,,,12/08/2026 06:03
002c6c3f-0f17-4540-b31a-b5949c9afb86,thinking.vacations,available,30.2,30.2,high,low,8,cloudflare,,,28/09/2026 02:31
95db0dcb-afa5-4268-866a-9b6f26be9a04,dialectic.vacations,available,9.99,50.99,high,low,9,name.com,,,14/08/2026 05:50
0533b23d-6e78-4712-8a2d-84360d790539,complications.vacations,available,5.57,32.21,low,low,13,dynadot,,,28/09/2026 13:25
ea205e61-e917-487f-a15d-b6f8d39b9239,moving.vacations,available,38.99,38.99,high,low,6,namesilo,,,25/09/2026 22:01
53391b09-ecf6-4ff2-95af-ed6289d20294,alteration.vacations,available,38.99,38.99,high,low,10,namesilo,,,18/09/2026 14:42
ab8a2d15-5c0a-4f59-9b77-34aa5a8c112a,cleanse.vacations,available,38.99,38.99,high,low,7,namesilo,,,01/10/2026 22:10
e894685e-0604-469c-af1d-ab7a812af843,downsizing.vacations,available,38.99,38.99,medium,low,10,namesilo,,,24/09/2026 23:41
b2fb658b-f74b-4fa8-a1b4-e9da907daa8c,packers.vacations,available,5.66,31.41,medium,low,7,porkbun,,,01/10/2026 01:07
1fcd4157-5ec6-4438-ab7a-f88185ace752,texting.vacations,available,38.99,38.99,high,low,7,namesilo,,,17/09/2026 10:22
8de139a1-e864-4a05-aef0-ad293e79044a,walls.vacations,available,40.98,49.98,high,low,5,namecheap,,,25/09/2026 16:16
8c505720-91de-46af-bbf5-94faed6fc90f,gaelic.vacations,available,9.99,50.99,high,low,6,name.com,,,11/08/2026 23:40
611e2e02-c8bb-467e-ab9f-85488286b2f4,homelike.vacations,available,9.99,50.99,high,low,8,name.com,,,21/08/2026 11:03
55c7e290-8ceb-46bb-933e-d9d4d9d0eedf,symbols.vacations,available,31.25,31.25,medium,low,7,spaceship,,,29/09/2026 04:46
f924ad34-2262-4c80-ad09-b3a607c35ac9,ith.vacations,available,38.99,38.99,medium,low,3,namesilo,,,02/10/2026 17:36
4bfa1725-7f19-49c8-9de0-6c5957b7631a,jacobson.vacations,available,38.99,38.99,high,low,8,namesilo,,,28/09/2026 04:07
0753cfde-6418-4b80-a491-9cbbf7386960,isaacs.vacations,available,31.25,31.25,high,low,6,spaceship,,,29/09/2026 10:02
94e3db5e-65f3-4afa-91ee-8ed704d6ae18,aerofoil.vacations,available,38.99,38.99,medium,low,8,namesilo,,,17/09/2026 13:00
7d9b40a7-5059-4aa6-a86a-2af48c7506f5,shitty.vacations,available,9.99,50.99,high,low,6,name.com,,,13/08/2026 05:14
99e85b1d-f4c5-428f-a6a0-6ac57721f6a5,ketchup.vacations,available,38.99,38.99,high,low,7,namesilo,,,24/09/2026 13:10
90d05085-259a-4f83-9d53-557a86ec5ed8,unpressed.vacations,available,38.99,38.99,low,low,9,namesilo,,,12/09/2026 17:24
40656adf-13c4-41d4-a6a5-2f2ac469270a,frighten.vacations,available,38.99,38.99,medium,low,8,namesilo,,,17/09/2026 14:50
8930d7af-72c9-4ff0-9561-97a3e93a6cef,apoplexy.vacations,available,40.98,49.98,medium,low,8,namecheap,,,19/09/2026 19:09
16148138-6a8b-4f9d-9927-b71709f263a5,tally.vacations,available,30.2,30.2,high,medium,5,cloudflare,,,28/09/2026 18:48
03060754-5d3c-4256-bed4-cbf6ac4c79b1,stygian.vacations,available,9.99,50.99,medium,low,7,name.com,,,
acf331be-0d0b-4cf7-aeb0-25a2cd11f3e7,menace.vacations,available,31.25,31.25,high,low,6,spaceship,,,29/09/2026 01:40
195e00a1-e684-4daa-bb6e-964d289cdd58,whacky.vacations,available,9.99,50.99,medium,low,6,name.com,,,06/08/2026 21:32
83ecb5c5-01ea-4d3c-a1bf-9e032a25e844,nourish.vacations,available,38.99,38.99,high,low,7,namesilo,,,18/09/2026 07:58
3c4fde18-799a-406a-bab2-07a1da14127e,alpinia.vacations,available,38.99,38.99,medium,low,7,namesilo,,,18/09/2026 14:02
0aee787b-d046-4afa-ad34-62251110ba7e,argonon.vacations,available,38.99,38.99,medium,low,7,namesilo,,,20/09/2026 04:42
343e4b20-444a-4526-bf4f-2b2ec3228a86,bubble.vacations,available,38.99,38.99,high,low,6,namesilo,,,29/09/2026 02:02
6c8e03b5-501f-428e-a96a-993d62d34a64,america.vacations,premium,207.2,207.2,high,medium,7,spaceship,,,28/09/2026 20:53
455d3c86-1cc1-41bc-bc94-b6402964f5a7,she.vacations,premium,102.67,102.67,high,low,3,spaceship,,,30/09/2026 22:17
7e24a52e-5126-404f-926d-33d0305472d0,lui.vacations,premium,34.36,34.36,medium,low,3,spaceship,,,29/09/2026 15:19
47629403-3628-4bb3-a56d-62688f608f3c,fsb.vacations,available,31.25,31.25,high,low,3,spaceship,,,30/09/2026 17:18
a54c542c-4bfa-41c5-a94d-02b81d5d446e,dampness.vacations,available,9.99,50.99,medium,low,8,name.com,,,13/08/2026 16:45
5d79cd43-2a88-4a70-a16c-9635a6155a8c,balaclava.vacations,available,40.98,49.98,medium,low,9,namecheap,,,21/09/2026 20:27
ee10395b-15da-41df-801f-62301ca561ef,nell.vacations,available,31.25,31.25,medium,low,4,spaceship,,,28/09/2026 07:53
1bf82bf8-8cad-488f-a43e-bb7337e6f8e3,briefing.vacations,available,5.66,31.41,high,low,8,porkbun,,,29/09/2026 04:17
12adce78-7d71-4dc7-8275-a6ebb3298225,fell.vacations,available,9.99,50.99,medium,low,4,name.com,,,08/08/2026 15:49
3795ca38-8593-41e1-b37c-03116cde8043,uncaused.vacations,available,9.99,50.99,medium,low,8,name.com,,,18/08/2026 12:45
dd8f7dd0-dcd9-46dd-aede-72709aac5306,forthcoming.vacations,available,38.99,38.99,high,low,11,namesilo,,,29/09/2026 14:27
b82afb35-86e6-493b-b026-44a809443b7b,cutely.vacations,available,38.99,38.99,medium,low,6,namesilo,,,14/09/2026 09:59
8fbb91b5-5a9e-4be0-b695-0137083591e3,haig.vacations,available,38.99,38.99,medium,low,4,namesilo,,,28/09/2026 12:12
904d77f8-c0a9-4abd-9896-900884f43c50,montana.vacations,premium,854,854,high,low,7,namesilo,,,28/09/2026 02:26
e826a52a-b53a-4c9c-969f-186a50bc9bf9,appointments.vacations,available,30.2,30.2,medium,low,12,cloudflare,,,28/09/2026 17:59
900e71e0-bbff-400f-84f8-edbce4ce1ed5,steely.vacations,available,38.99,38.99,medium,low,6,namesilo,,,10/09/2026 19:47
9fbd3681-59f1-4802-a051-18673172f11e,cigarettes.vacations,available,40.98,49.98,medium,low,10,namecheap,,,25/09/2026 21:29
8f0b55dc-16a8-40ea-af3a-c6a427cd6506,hester.vacations,available,31.25,31.25,medium,low,6,spaceship,,,28/09/2026 03:59
b493e478-6c29-49f4-99b3-21d72964f529,mutter.vacations,available,38.99,38.99,high,low,6,namesilo,,,03/09/2026 11:12
af07e9b1-7f91-488c-9fc6-3836ee721f9d,quelled.vacations,available,38.99,38.99,medium,low,7,namesilo,,,09/09/2026 08:24
1ee6a497-c6aa-4006-bf66-ca7af7a0d3bd,basing.vacations,available,38.99,38.99,medium,low,6,namesilo,,,02/10/2026 22:25
6140b02f-91c8-4b50-80a8-11498ee7de51,sumatran.vacations,available,38.99,38.99,high,low,8,namesilo,,,11/09/2026 01:31
0607c898-6267-4ded-839e-da5e50e039b3,listened.vacations,available,40.98,49.98,medium,low,8,namecheap,,,25/09/2026 19:45
88d00957-53e0-437d-9063-e0d19747a191,photographs.vacations,available,38.99,38.99,high,low,11,namesilo,,,27/09/2026 09:34
d554a6d3-4602-4c86-bf9f-a721c82373ca,audiencia.vacations,available,40.98,49.98,high,low,9,namecheap,,,02/10/2026 18:30
d8372ba2-2eaa-4e66-b754-9af910d37bd2,deliberately.vacations,available,38.99,38.99,medium,low,12,namesilo,,,28/09/2026 11:27
ec27c15b-121d-4541-abe5-be0e2a54c1c0,leprous.vacations,available,9.99,50.99,medium,low,7,name.com,,,23/08/2026 00:12
c93c2deb-b9f7-42f6-9266-c5740940a953,remembering.vacations,available,9.99,,high,low,11,name.com,,,
89920101-8822-4c53-98a2-0db88f0eb8b7,disturbing.vacations,available,9.99,50.99,medium,low,10,name.com,,,14/08/2026 13:16
db613fa1-cc4d-47fc-8cb9-bd04a683de67,ansi.vacations,available,30.2,30.2,medium,low,4,cloudflare,,,28/09/2026 11:47
82f894be-96e2-4853-a91a-d5d823ce1992,auricular.vacations,available,9.99,50.99,medium,low,9,name.com,,,07/08/2026 17:46
5118e107-388b-4b3e-ba28-44741c871f2f,antiviral.vacations,available,9.99,50.99,high,low,9,name.com,,,05/08/2026 20:06
16273a7b-107c-48a1-8ae7-d8e03d9d39a6,fleischer.vacations,available,38.99,38.99,high,low,9,namesilo,,,30/09/2026 16:27
82fd1b36-dc7a-428c-9144-e7fb279dcd9e,infidel.vacations,available,9.99,50.99,medium,low,7,name.com,,,18/08/2026 21:58
54b6c7b0-f5f2-40dc-aca7-1a9c283f3af0,booth.vacations,available,38.99,38.99,high,low,5,namesilo,,,24/09/2026 07:20
e00cd544-15c1-429b-adcb-8366eab3e6db,bouncing.vacations,available,38.99,38.99,high,low,8,namesilo,,,23/09/2026 01:19
2c84e417-4590-40aa-9c3d-76c19b3a2c73,snatcher.vacations,available,38.99,38.99,medium,low,8,namesilo,,,16/09/2026 14:55
a2615deb-efe5-4a33-9f1a-1c3de9244c73,salving.vacations,available,9.99,50.99,medium,low,7,name.com,,,14/08/2026 01:40
9c9dd7cc-3d0a-4a1c-9f22-a5653e8a10ae,rowe.vacations,available,38.99,38.99,high,low,4,namesilo,,,25/09/2026 16:05
d2a60ca1-1bb4-4504-888c-aca73584dd61,klaus.vacations,available,38.99,38.99,medium,low,5,namesilo,,,27/09/2026 01:38
d110dd76-7846-4df6-92b8-285f9ca76d7d,nafta.vacations,available,30.2,30.2,medium,low,5,cloudflare,,,29/09/2026 07:38
f403b227-7b49-460d-a846-8bb692a4b4bf,sudden.vacations,available,31.25,31.25,high,low,6,spaceship,,,28/09/2026 01:51
f06d4005-ecc9-4d39-bc8e-be91e14517e4,honoring.vacations,available,38.99,38.99,high,low,8,namesilo,,,29/09/2026 13:04
f8904df7-7701-4699-809a-829ef1d41a7d,doob.vacations,available,40.98,49.98,medium,low,4,namecheap,,,21/09/2026 18:37
82332af8-f92d-45e7-81c7-80035ab3f610,blistering.vacations,available,9.99,50.99,medium,low,10,name.com,,,
dd0cf196-4f42-48f2-9bf4-a877ea9608d8,entertainer.vacations,available,31.25,31.25,high,low,11,spaceship,,,29/09/2026 20:49
33d1f714-f61e-411f-b912-408b6e622612,goldsmith.vacations,available,5.57,32.21,high,low,9,dynadot,,,01/10/2026 19:50
896180d7-6b8e-4e90-9096-4a7dc57b8896,pyrogen.vacations,available,38.99,38.99,medium,low,7,namesilo,,,09/09/2026 07:01
a39dfec2-0783-4754-b423-2ba249c841ce,robbing.vacations,available,38.99,38.99,medium,low,7,namesilo,,,28/09/2026 23:49
f9b677c5-85a8-404b-8708-edf46231b5ff,week.vacations,premium,118.8,118.8,high,low,4,namesilo,,,29/09/2026 05:49
7577d91f-3464-4cf2-b35c-d035d1889915,putty.vacations,available,31.25,31.25,high,low,5,spaceship,,,02/10/2026 16:28
6c44429d-1817-48de-a1e4-a1d2c27ad704,marry.vacations,available,38.99,38.99,high,low,5,namesilo,,,13/09/2026 09:36
9972a084-3b34-4eca-a5c8-7e441d69446e,meaningless.vacations,available,38.99,38.99,medium,low,11,namesilo,,,28/09/2026 15:49
396b6542-ff74-405d-8059-080362f88304,polygonal.vacations,available,38.99,38.99,medium,low,9,namesilo,,,08/09/2026 23:20
8f9c79ab-6828-43e9-9e0f-c31c4098f7ed,agassiz.vacations,available,38.99,38.99,medium,low,7,namesilo,,,17/09/2026 16:23
838b049f-5031-4446-b311-5a7fb2a1ffb9,confusion.vacations,available,31.25,31.25,high,low,9,spaceship,,,29/09/2026 10:55
c392d4dd-0bc2-41e9-a06a-29e1b408dfcc,syndrome.vacations,available,38.99,38.99,medium,low,8,namesilo,,,30/09/2026 12:45
5487b951-4fdb-4bfa-80e1-95efcae2599c,backless.vacations,available,9.99,50.99,medium,low,8,name.com,,,08/08/2026 05:48
a1378777-d284-4836-92d5-fb7fd6507081,prudence.vacations,available,5.66,31.41,high,low,8,porkbun,,,30/09/2026 16:43
a93315a3-63ca-434e-8684-04988d6b141a,manually.vacations,available,38.99,38.99,medium,low,8,namesilo,,,15/09/2026 13:27
523bd53d-dcd5-4c36-a22d-58dbff42f0bd,gresham.vacations,available,38.99,38.99,medium,low,7,namesilo,,,29/09/2026 01:08
9901a673-0b53-4c12-b1a4-4fc90f39e95c,hooker.vacations,available,38.99,38.99,medium,low,6,namesilo,,,25/09/2026 22:46
79ddb165-22fc-4ed9-8eb6-050d826e4aa1,complicate.vacations,available,38.99,38.99,high,low,10,namesilo,,,08/09/2026 14:25
4f25491f-380d-444a-9619-f7d9d0717753,gumbo.vacations,available,38.99,38.99,high,low,5,namesilo,,,16/09/2026 15:04
d04eb0e0-ce30-40ee-9916-dbbf1757f07f,battled.vacations,available,30.2,30.2,medium,low,7,cloudflare,,,02/10/2026 14:22
04926a95-841b-4942-baaf-9833d6131bdf,acarina.vacations,available,40.98,49.98,medium,low,7,namecheap,,,16/09/2026 21:31
c3fa8c25-54e6-4a14-ba2c-0f32f0155a2f,movements.vacations,available,38.99,38.99,medium,low,9,namesilo,,,28/09/2026 12:36
b55e1038-793e-4b26-a954-b985658282e8,ancestral.vacations,available,9.99,50.99,high,low,9,name.com,,,
cd58e6ad-160b-4156-8d4e-5b465ee809e5,squirrel.vacations,available,38.99,38.99,high,low,8,namesilo,,,30/09/2026 11:45
f1d1499b-75ee-447d-a002-ae7a85c0eabe,winter.vacations,premium,854,854,high,low,6,namesilo,,,25/09/2026 11:04
05ce3b6d-95f6-439e-9b7b-4bff28da7158,paused.vacations,available,38.99,38.99,medium,low,6,namesilo,,,18/09/2026 02:16
05aa6fe2-7cb0-41b7-ba9c-4071346dd67d,schizophrenia.vacations,available,5.57,32.21,medium,low,13,dynadot,,,30/09/2026 06:00
2f9ed6ed-4e5a-43f9-9abd-e78e09872feb,area.vacations,available,38.99,38.99,high,low,4,namesilo,,,28/09/2026 22:00
b8aaf640-23bd-4c51-9250-eafe034f9fc9,wiley.vacations,available,38.99,38.99,high,low,5,namesilo,,,27/09/2026 08:05
8013d0b6-5eb9-4bd2-98b2-8cd0853fafed,speaker.vacations,available,31.25,31.25,high,low,7,spaceship,,,30/09/2026 03:31
55caa673-a6b1-4af2-b493-754a73ae6c19,cleanup.vacations,available,5.66,31.41,medium,low,7,porkbun,,,02/10/2026 21:28
eac813b4-2b16-46fd-bc56-39448fd24e0c,abdication.vacations,available,38.99,38.99,medium,low,10,namesilo,,,16/09/2026 14:43
c7df5392-fedb-418b-b935-a1188e90579f,plz.vacations,available,9.99,,high,low,3,name.com,,,
fcde3aa8-dd20-4f5b-9312-d7506722d323,stv.vacations,available,31.25,31.25,high,low,3,spaceship,,,02/10/2026 17:55
99760eeb-b4e6-4b20-8aa9-d9c05c278f1a,systolic.vacations,available,38.99,38.99,high,low,8,namesilo,,,11/09/2026 06:48
7e48cfaa-88f2-4fe4-9c81-1b5735ca9cab,driving.vacations,available,38.99,38.99,high,low,7,namesilo,,,24/09/2026 12:10
d84e7575-11c9-49e9-bafe-f8205e52bb11,promotions.vacations,available,38.99,38.99,high,low,10,namesilo,,,02/10/2026 12:57
c607a3b1-1661-4f64-afd6-ec01d8cefe23,frothy.vacations,available,9.99,50.99,medium,low,6,name.com,,,11/08/2026 07:22
25d4e4c2-bf7a-4669-bc88-1ebe09c76b4f,allegretto.vacations,available,9.99,50.99,high,low,10,name.com,,,
cc16f570-cf41-4da8-b048-4707e8addc77,ground.vacations,available,30.2,30.2,high,low,6,cloudflare,,,29/09/2026 17:40
93c5351d-5f8e-4c6a-8d67-9d48cba6139f,urbane.vacations,available,9.99,50.99,high,low,6,name.com,,,11/09/2026 04:57
c50a094c-556b-4f79-a438-4b1f94125685,gnarly.vacations,available,9.99,50.99,medium,low,6,name.com,,,20/08/2026 15:38
63a064ca-e696-45d5-8cb0-ea3fc6be5b43,valentina.vacations,available,31.25,31.25,high,low,9,spaceship,,,30/09/2026 21:18
2456edf3-d238-46da-8eb6-a7cf0cda1758,lineages.vacations,available,38.99,38.99,low,low,8,namesilo,,,28/09/2026 09:04
ede47d8d-928c-48ba-bc65-5d42d19c0af9,looting.vacations,available,31.25,31.25,high,low,7,spaceship,,,01/10/2026 20:22
e77d3ade-d68d-4db6-9521-9052390c8712,surpass.vacations,available,31.25,31.25,high,low,7,spaceship,,,02/10/2026 05:59
6f2edc82-a7a4-4a35-9861-b092bb2731df,validate.vacations,available,31.25,31.25,high,low,8,spaceship,,,30/09/2026 11:29
43b2be42-6976-411a-aeb1-87f2493cd0e6,nights.vacations,available,40.98,49.98,high,low,6,namecheap,,,17/09/2026 22:10
1bddec9b-3934-4be1-9525-df07d987b1d9,rapturous.vacations,available,9.99,50.99,high,low,9,name.com,,,14/08/2026 23:48
13eb7aa0-dde0-47af-8092-9729957630dc,abbe.vacations,available,38.99,38.99,medium,low,4,namesilo,,,16/09/2026 14:22
d8efb906-ac12-43aa-bb9c-6bbcc6546f0a,columbia.vacations,premium,854,854,high,medium,8,namesilo,,,29/09/2026 06:57
f7abaa9a-1e12-47f6-b43b-47635625d6f1,leaping.vacations,available,40.98,49.98,high,low,7,namecheap,,,30/09/2026 17:53
6ca2851f-a93b-49b6-a44e-98ead175e52f,handwoven.vacations,available,9.99,50.99,medium,low,9,name.com,,,20/08/2026 23:19
3c69dd92-8d12-4e2d-a11e-e96aa32ed465,yesterday.vacations,available,30.2,30.2,high,low,9,cloudflare,,,28/09/2026 16:50
a1e2e751-3c03-414d-8c28-d0d17d8e0f30,aneurysm.vacations,available,38.99,38.99,medium,low,8,namesilo,,,19/09/2026 05:41
47f2214a-c5e0-4172-86a6-746e0443ca8d,descended.vacations,available,30.2,30.2,medium,low,9,cloudflare,,,29/09/2026 10:16
2378ac9a-f678-4320-9fb1-606c92baf5d6,prewar.vacations,available,38.99,38.99,medium,low,6,namesilo,,,09/09/2026 01:51
c59b1e2e-24a4-4c89-8bf3-1eb581b797f5,leone.vacations,available,30.2,30.2,high,low,5,cloudflare,,,29/09/2026 19:32
d591cc4b-d12e-4c04-acfe-bc5ae8a9d151,funeral.vacations,available,38.99,38.99,high,low,7,namesilo,,,25/09/2026 22:54
8532d570-1c7a-4645-aac0-427b4ff99a1b,arbalest.vacations,available,38.99,38.99,medium,low,8,namesilo,,,20/09/2026 00:33
7c1cc7da-e1af-4309-beed-b76fc7f738c5,resist.vacations,available,38.99,38.99,high,low,6,namesilo,,,21/09/2026 22:09
bbcbd535-68c6-46f7-a6f3-8da8eafdb6ff,uses.vacations,available,38.99,38.99,high,low,4,namesilo,,,25/09/2026 13:12
e7b60f46-25a9-4f6f-8176-da3f833d7246,fleas.vacations,available,31.25,31.25,medium,low,5,spaceship,,,02/10/2026 13:48
5315a24f-f724-4724-a22e-2b89016278f5,monatomic.vacations,available,9.99,50.99,medium,low,9,name.com,,,25/08/2026 04:12
76e443b6-86df-42f5-b5bf-6bf4d68b6505,indirect.vacations,available,9.99,50.99,high,low,8,name.com,,,12/08/2026 16:43
1eb78c1c-5737-4791-8081-ac31eac80329,immigrant.vacations,available,30.2,30.2,high,low,9,cloudflare,,,29/09/2026 13:05
24245252-6a8d-4060-b48d-079323170e51,bakshish.vacations,available,38.99,38.99,medium,low,8,namesilo,,,21/09/2026 15:53
d1414d9f-db10-4fd8-ac90-91634c5cddd6,arthropoda.vacations,available,38.99,38.99,high,low,10,namesilo,,,20/09/2026 10:41
688a50c9-318d-4157-969d-7d1b1b27a934,lull.vacations,available,9.99,50.99,high,low,4,name.com,,,11/08/2026 15:04
63ccb742-8f2e-4e30-9ce3-7111328e5456,blake.vacations,available,38.99,38.99,high,low,5,namesilo,,,24/09/2026 03:45
d3846d4a-5d9f-4619-830b-18854f02b3e0,whether.vacations,available,38.99,38.99,high,low,7,namesilo,,,30/09/2026 22:27
4dcd2d0d-a0a5-482f-8377-c516d9b788e9,rainfall.vacations,available,38.99,38.99,high,low,8,namesilo,,,30/09/2026 10:55
d490d8c2-afc9-4f09-8ba7-2d4de1c45fbd,inharmonic.vacations,available,9.99,50.99,low,low,10,name.com,,,14/08/2026 10:54
bf0a9abe-d58f-4e2e-a58d-8694b76a988f,estrella.vacations,available,30.2,30.2,high,low,8,cloudflare,,,01/10/2026 23:33
cc4ac5d5-9ff0-4f6b-90aa-215a82b55538,curb.vacations,available,38.99,38.99,high,low,4,namesilo,,,18/09/2026 20:45
09dbef98-17b5-4d26-b327-f3a1c948042c,ptsd.vacations,available,38.99,38.99,medium,low,4,namesilo,,,28/09/2026 10:45
18267152-7da4-43ed-abc7-e1c844b3b34d,randy.vacations,available,9.99,50.99,medium,low,5,name.com,,,21/08/2026 14:08
2a8cf9cc-8f95-47e0-8a28-047493939b02,autogeny.vacations,available,38.99,38.99,medium,low,8,namesilo,,,16/09/2026 15:57
61d76374-716a-4391-9ba7-116d9811e905,feculent.vacations,available,9.99,50.99,low,low,8,name.com,,,18/08/2026 00:32
52c5e559-4c44-426c-8180-5569daab1da5,thieves.vacations,available,38.99,38.99,medium,low,7,namesilo,,,16/09/2026 11:41
75e18b84-9a09-4a9f-b8ba-32fcdb13fb6d,extempore.vacations,available,9.99,50.99,medium,low,9,name.com,,,
bbed6fa6-4bb4-465b-b0b6-dd7881110810,merging.vacations,available,9.99,50.99,high,low,7,name.com,,,24/08/2026 20:43
e5b2f998-9ba8-4dd2-9569-8ac5ea684975,ascending.vacations,available,9.99,50.99,high,low,9,name.com,,,07/08/2026 00:51
3249d24a-bbd7-44a4-9730-42c67dd1c783,esther.vacations,available,38.99,38.99,high,low,6,namesilo,,,24/09/2026 06:50
52008041-b743-45ec-8e14-2c22a12754f4,dastard.vacations,available,9.99,50.99,medium,low,7,name.com,,,13/08/2026 18:32
e8cdb419-9008-4a51-866d-31608e945c5d,refuses.vacations,available,30.2,30.2,low,low,7,cloudflare,,,28/09/2026 09:00
4e429b0f-e199-4cf7-a2db-7db055ad006a,negative.vacations,available,38.99,38.99,high,low,8,namesilo,,,24/09/2026 11:09
d0aec0e6-b73f-49e5-b6d2-f621d04ab6de,ridge.vacations,available,30.2,30.2,high,low,5,cloudflare,,,28/09/2026 03:01
c85092fa-d0df-4613-9ff5-ef79ab4fb71e,poetically.vacations,available,40.98,49.98,medium,low,10,namecheap,,,15/09/2026 20:51
70945e1a-932c-4f98-b8a0-7c96e093a6f8,daytona.vacations,premium,,,high,low,7,,,,28/09/2026 04:21
7b14e965-4776-421f-8c32-e3f843dfe98a,absence.vacations,available,31.25,31.25,medium,low,7,spaceship,,,28/09/2026 17:04
5c22f5f7-d5f3-4ee9-8090-de455dcedc48,barcelona.vacations,premium,854,854,high,low,9,namesilo,,,22/09/2026 05:08
06880ddb-e0b0-4cd7-a7d7-1610ddbb6655,reluctant.vacations,available,9.99,50.99,medium,low,9,name.com,,,24/08/2026 08:21
a9f42ced-0f17-4fc1-aa09-53630d5e9945,chess.vacations,premium,242,242,high,medium,5,namesilo,,,24/09/2026 10:43
df5603cb-a80c-4767-8076-ca8e4ddf7cd7,farber.vacations,available,38.99,38.99,medium,low,6,namesilo,,,30/09/2026 21:50
2d22a608-7434-4db3-838a-a476783bcb3f,objectively.vacations,available,5.57,32.21,high,low,11,dynadot,,,01/10/2026 13:13
432f9d7c-c56b-4f7d-af28-9031fb7dc112,installer.vacations,available,5.57,32.21,high,low,9,dynadot,,,01/10/2026 06:14
e227eb98-8807-421f-adce-356ca5695c4f,discal.vacations,available,38.99,38.99,medium,low,6,namesilo,,,30/09/2026 04:23
2c50be4f-58ff-44b9-acdd-bb1efef63605,wear.vacations,available,38.99,38.99,high,low,4,namesilo,,,27/09/2026 08:43
bcadd0b1-5a53-4930-ae91-b29343c78cc1,acrosome.vacations,available,38.99,38.99,medium,low,8,namesilo,,,17/09/2026 03:58
9bef7bc0-100e-4ed9-85ac-9e63b0ccbd3a,liveliness.vacations,available,38.99,38.99,high,low,10,namesilo,,,30/09/2026 02:30
24867f0d-d43b-4238-a570-9b894c1b007f,poets.vacations,available,40.98,49.98,medium,low,5,namecheap,,,28/09/2026 22:26
2c5421db-2a6c-4b64-811a-248996c3b480,miz.vacations,available,38.99,38.99,high,low,3,namesilo,,,01/10/2026 23:06
5cc668ed-1492-46bb-ab14-252994f7c3c1,ossetia.vacations,available,30.2,30.2,medium,low,7,cloudflare,,,03/10/2026 04:49
5e2d8c5f-b1cc-413d-ba10-109b9be2ad0a,embodied.vacations,available,9.99,50.99,high,low,8,name.com,,,16/08/2026 09:35
ca47d9ce-69b8-4d1b-ba24-62a6405a177c,inability.vacations,available,31.25,31.25,medium,low,9,spaceship,,,29/09/2026 07:19
d943e767-3eb2-41d3-b7ce-ddc82ee44470,resinlike.vacations,available,38.99,38.99,medium,low,9,namesilo,,,09/09/2026 15:11
4de2de81-4122-4987-8472-215d0fad08f7,che.vacations,premium,108.9,108.9,high,low,3,dynadot,,,29/09/2026 02:51
26b69e47-2655-46f1-862e-6a8bbaf2894d,benefic.vacations,available,9.99,50.99,medium,low,7,name.com,,,09/08/2026 14:18
07fc4372-4df0-424c-822e-6968c4e8076f,lupus.vacations,available,38.99,38.99,medium,low,5,namesilo,,,02/10/2026 05:40
11724e2d-34bf-419e-9658-25db3ec75854,elemental.vacations,available,9.99,50.99,high,low,9,name.com,,,16/08/2026 03:29
3f8c2a6c-b1c5-4a01-9499-a5792633eacf,bookworm.vacations,available,38.99,38.99,high,low,8,namesilo,,,09/09/2026 23:16
8ee86683-a085-41ea-80ae-13c386f8d250,continuum.vacations,available,5.57,32.21,high,low,9,dynadot,,,01/10/2026 01:33
6cada62e-84a7-4d86-bd6b-1d8f9e47ab0a,blither.vacations,available,38.99,38.99,medium,low,7,namesilo,,,24/09/2026 04:54
f4689e93-4095-40d0-a0ff-1881e9464eca,gratified.vacations,available,9.99,50.99,high,low,9,name.com,,,20/08/2026 18:24
259af57f-5f13-4ef8-a31a-3b0c64875fd0,lendable.vacations,available,9.99,50.99,medium,low,8,name.com,,,22/08/2026 23:35
cc8b32a4-cee5-4f17-8ac5-69c44c067335,pithily.vacations,available,40.98,49.98,medium,low,7,namecheap,,,15/09/2026 20:06
a63d2d12-71d6-45d1-83e2-7ec00c233a19,righted.vacations,available,40.98,49.98,medium,low,7,namecheap,,,20/09/2026 15:58
402a209b-005a-4bca-be73-4abbda690d37,stimulating.vacations,available,30.2,30.2,high,low,11,cloudflare,,,28/09/2026 21:23
6c1a80ad-b374-4a67-87c0-2de929558f8d,campanula.vacations,available,38.99,38.99,high,low,9,namesilo,,,23/09/2026 06:05
5b15f56a-cda9-4ecc-b056-f6092ecf3246,ardennes.vacations,available,40.98,49.98,medium,low,8,namecheap,,,20/09/2026 03:09
3cf3a896-e9c2-43b3-91aa-d02ba4f5e089,atmospheric.vacations,available,31.25,31.25,high,low,11,spaceship,,,29/09/2026 21:02
b448daff-d84b-4c0d-8ff9-0e807c5e8a8e,fbi.vacations,available,30.2,30.2,high,low,3,cloudflare,,,29/09/2026 06:52
a3ab0586-64ae-44bb-8e65-3dbe7d01fca4,debts.vacations,available,38.99,38.99,low,low,5,namesilo,,,28/09/2026 04:25
85c3aab8-fea8-42f6-bca1-08cc43e5634f,felix.vacations,available,38.99,38.99,high,medium,5,namesilo,,,27/09/2026 19:26
ed7e5ec1-4b89-4372-a9c9-2efac2040007,faces.vacations,available,9.99,,medium,low,5,name.com,,,
7c1c90ab-04cf-4599-8134-9a5bb226d347,riming.vacations,available,38.99,38.99,medium,low,6,namesilo,,,09/09/2026 16:55
8b4e5636-c9a1-427d-aef7-652f05102cfd,assignor.vacations,available,9.99,50.99,medium,low,8,name.com,,,20/09/2026 16:27
e36d2887-bfe9-4273-a6b7-c4b238b5b9a1,angiology.vacations,available,38.99,38.99,medium,low,9,namesilo,,,19/09/2026 06:13
5ebfc9e1-e869-498a-9931-88154c15dbc3,chummy.vacations,available,9.99,50.99,high,low,6,name.com,,,11/08/2026 07:44
5236f64e-9ffd-4120-afd2-0fef292e1909,unmerciful.vacations,available,9.99,50.99,medium,low,10,name.com,,,24/08/2026 20:38
393c2a6f-28d1-4d31-bb41-cafbf43fe603,pasted.vacations,available,9.99,50.99,high,low,6,name.com,,,20/08/2026 15:14
f87b87da-177f-41bf-8a07-e8915aa07447,albatross.vacations,available,9.99,50.99,high,low,9,name.com,,,18/09/2026 02:28
9706ac9c-efb0-40d0-a53a-878e0b6dced1,bighorn.vacations,available,38.99,38.99,high,low,7,namesilo,,,23/09/2026 15:10
45781fcb-4cd3-4de7-b97a-5e769fb1fedc,sanely.vacations,available,38.99,38.99,medium,low,6,namesilo,,,16/09/2026 00:33
2dcfdc35-5d4f-4e47-8116-5bcbc774effd,auntie.vacations,available,38.99,38.99,high,low,6,namesilo,,,21/09/2026 04:11
a6236b25-cb6f-4353-928e-de526486f508,jeffers.vacations,available,31.25,31.25,high,low,7,spaceship,,,02/10/2026 05:29
09f3b951-f185-409f-a047-12f212beb84e,chalmers.vacations,available,5.66,31.41,medium,low,8,porkbun,,,27/09/2026 20:38
c6812736-a2d7-41f9-926f-041ae8118fd8,juristic.vacations,available,9.99,50.99,medium,low,8,name.com,,,22/08/2026 14:37
8b399257-0916-4470-a3d5-bde5e840f897,anas.vacations,available,38.99,38.99,medium,low,4,namesilo,,,19/09/2026 02:30
7908a527-8641-4e3f-913c-cf6c1c8c9513,synopsis.vacations,available,5.57,32.21,high,low,8,dynadot,,,01/10/2026 21:21
2907dec3-9d9a-4577-aab7-b1eb7ad6d30f,aeolia.vacations,available,38.99,38.99,low,low,6,namesilo,,,17/09/2026 12:34
d6d95be5-77c0-4c16-884b-4fdd7689fee2,ribbing.vacations,available,38.99,38.99,medium,low,7,namesilo,,,11/09/2026 10:01
bdaa37a2-6b21-4351-b41b-eb2345e5b6b4,jed.vacations,available,30.2,30.2,medium,low,3,cloudflare,,,01/10/2026 23:48
e33f5507-d08c-49ed-adf6-190fd48e935c,chandra.vacations,available,31.25,31.25,medium,low,7,spaceship,,,28/09/2026 08:00
90a83026-a264-4a10-bdf9-402710276942,chances.vacations,available,38.99,38.99,medium,low,7,namesilo,,,25/09/2026 16:56
27cab4f2-6ab1-4d78-8d6e-ecf6e6930ffa,factorial.vacations,available,9.99,50.99,high,low,9,name.com,,,17/08/2026 20:29
8a5a1ef8-a099-4d36-9be6-538a86b1314d,conquer.vacations,available,31.25,31.25,high,low,7,spaceship,,,30/09/2026 17:51
6939be0e-1b3d-4417-ad57-5cf1dc59db1a,jake.vacations,available,40.98,49.98,high,medium,4,namecheap,,,25/09/2026 12:03
8e031357-e589-4bb9-8337-101a35549e97,symbolize.vacations,available,31.25,31.25,high,low,9,spaceship,,,01/10/2026 04:25
9afeb5aa-e24e-447d-82c8-f4ab69b1524e,waker.vacations,available,38.99,38.99,medium,low,5,namesilo,,,20/09/2026 08:31
7b84ec90-6ea6-4d96-9736-87f49b7280ed,customary.vacations,available,9.99,50.99,high,low,9,name.com,,,13/08/2026 12:29
ffa47b25-ba6c-45eb-bdf4-27ce2b86f373,listless.vacations,available,9.99,50.99,medium,low,8,name.com,,,14/08/2026 12:00
4d25917b-7dd1-466a-b7fa-8abc6e667234,gunpoint.vacations,available,5.66,31.41,medium,low,8,porkbun,,,03/10/2026 01:04
583e9fe3-585f-4267-a5a6-62e5f4aad545,panty.vacations,available,38.99,38.99,high,low,5,namesilo,,,09/09/2026 22:42
0d680e2f-6ef7-4f76-ab46-144598cae3bb,traces.vacations,available,31.25,31.25,medium,low,6,spaceship,,,28/09/2026 08:47
7af7cf76-1a41-4a04-b140-aef37ceb9a64,huntingdon.vacations,available,31.25,31.25,medium,low,10,spaceship,,,28/09/2026 17:57
ffbff1a8-5a00-48a2-850a-f93791ae5170,cliche.vacations,available,38.99,38.99,high,low,6,namesilo,,,23/09/2026 16:07
c05e8deb-b64f-4677-961f-fc5937557c38,skilled.vacations,available,5.57,32.21,high,low,7,dynadot,,,27/09/2026 22:20
91065599-f332-4922-8f4d-f525f222fcb7,statehood.vacations,available,9.99,,high,low,9,name.com,,,
dc0e4f39-c54c-405b-bfc6-af4eaca085aa,geniculate.vacations,available,9.99,50.99,medium,low,10,name.com,,,18/08/2026 21:38
9b345359-f90e-4219-8f0a-7dc089605fa7,albin.vacations,available,31.25,31.25,medium,low,5,spaceship,,,02/10/2026 00:03
f90ebe04-4374-408f-857a-836046db41c4,processes.vacations,available,31.25,31.25,medium,low,9,spaceship,,,30/09/2026 06:07
b8e51447-856d-4839-8d84-935d96f3aa16,dslr.vacations,available,31.25,31.25,high,low,4,spaceship,,,02/10/2026 01:25
47b91509-3d59-4a9c-bf87-c880a52a1744,truculent.vacations,available,40.98,49.98,medium,low,9,namecheap,,,11/09/2026 20:29
dae9dcd4-b2df-47ea-8f25-182e6257f2a9,helps.vacations,available,40.98,49.98,high,low,5,namecheap,,,25/09/2026 21:19
44a760ab-6efc-49b6-9539-1e96528d04f4,dispatcher.vacations,available,38.99,38.99,high,low,10,namesilo,,,24/09/2026 22:52
6aaa2de0-0441-4603-871f-830e4a5f8204,raven.vacations,available,38.99,38.99,high,medium,5,namesilo,,,28/09/2026 09:27
7887fbea-7fdb-4d5c-9d61-744a09b7c229,again.vacations,available,5.66,31.41,medium,low,5,porkbun,,,28/09/2026 11:49
08e34709-58cc-45cd-a4c8-e7f6d8644553,unfirm.vacations,available,38.99,38.99,low,low,6,namesilo,,,12/09/2026 10:19
3f3e480f-fc38-4013-9137-6ddc9f1c3013,edmonton.vacations,premium,118.8,118.8,high,low,8,namesilo,,,25/09/2026 22:33
fd9a44d6-3cf6-4da6-b17e-ffc53345b5eb,sloshed.vacations,available,9.99,50.99,low,low,7,name.com,,,09/08/2026 15:48
14dde3d3-dd67-4b51-b74f-32bf88081505,perfidious.vacations,available,38.99,38.99,medium,low,10,namesilo,,,08/09/2026 16:31
f7beaa06-f8bc-4a0a-92ea-f95746196449,dara.vacations,available,59.99,59.99,high,low,4,godaddy,,,01/10/2026 01:04
989887bb-3c4c-4293-b3df-8d7758937ece,aesir.vacations,available,40.98,49.98,medium,low,5,namecheap,,,17/09/2026 13:23
47575f7e-6861-4a83-a6e5-3293e69c00e8,lakh.vacations,available,9.99,50.99,medium,low,4,name.com,,,21/08/2026 15:36
cbf9d3c6-e850-49ca-809b-4b9977a2a0e8,caruso.vacations,available,5.57,32.21,medium,low,6,dynadot,,,30/09/2026 01:00
fa19e26e-a855-4ebe-91cd-ddf40b2c1b1d,vise.vacations,available,38.99,38.99,medium,low,4,namesilo,,,23/09/2026 07:37
7376c867-1139-4fc8-adcb-f0fc90f86abf,mosul.vacations,available,31.25,31.25,medium,low,5,spaceship,,,29/09/2026 19:43
578f2e4b-1d6c-4f94-9e9d-6cb46bb71e01,justify.vacations,available,31.25,31.25,high,low,7,spaceship,,,28/09/2026 11:05
97c88e9d-c79a-4407-a726-b7a7c48c3360,typography.vacations,available,30.2,30.2,high,low,10,cloudflare,,,30/09/2026 11:13
dfccec8c-0c83-482e-a217-4a8b90137785,intervals.vacations,available,40.98,49.98,medium,low,9,namecheap,,,29/09/2026 23:54
67cfc89e-d8e3-43d3-b747-34e67059049c,aurorean.vacations,available,9.99,50.99,medium,low,8,name.com,,,07/08/2026 18:12
30fcd1f6-8173-4739-b421-aa335ba296ec,bailor.vacations,available,40.98,49.98,medium,low,6,namecheap,,,21/09/2026 19:14
960d1b43-e5ce-41a8-b294-de419395c46c,fields.vacations,available,38.99,38.99,high,low,6,namesilo,,,25/09/2026 22:46
c04e639a-1790-4383-94db-982de63044b7,asocial.vacations,available,9.99,50.99,medium,low,7,name.com,,,07/08/2026 04:36
f36ac953-1e18-409a-957e-8cfcb7689808,seekers.vacations,available,38.99,38.99,high,low,7,namesilo,,,21/09/2026 07:32
6a34bfc7-1173-474c-8236-d95232c947b4,bondable.vacations,available,9.99,50.99,medium,low,8,name.com,,,09/08/2026 23:59
fd96bc4a-a7a9-4c18-abd7-4000b5b1b68c,jarvis.vacations,available,38.99,38.99,high,medium,6,namesilo,,,27/09/2026 01:43
1b378bc2-0ffe-436d-8624-6b3c97be9e69,davy.vacations,available,40.98,49.98,high,low,4,namecheap,,,29/09/2026 12:01
73066e77-4156-4d2f-9fb4-28a7e5e8bafe,leftovers.vacations,available,30.2,30.2,high,low,9,cloudflare,,,01/10/2026 20:16
212128d6-2bbc-4611-9c58-e3036b516b86,musicians.vacations,available,30.2,30.2,medium,low,9,cloudflare,,,28/09/2026 17:31
36835888-fc49-4ed9-9e83-94b7d4f41c5b,slurred.vacations,available,38.99,38.99,medium,low,7,namesilo,,,10/09/2026 11:42
06e7eec2-c18c-4122-b3bc-9bc1c566d904,biddy.vacations,available,38.99,38.99,medium,low,5,namesilo,,,23/09/2026 13:45
792a92f2-db84-432e-9885-f1f0aa2ccec0,typology.vacations,available,31.25,31.25,high,low,8,spaceship,,,03/10/2026 02:17
699bd43a-3ed5-4dfe-a511-f13af3238c9e,caracas.vacations,available,31.25,31.25,high,low,7,spaceship,,,29/09/2026 07:11
06acd296-6191-4529-8b99-28bc52a878fc,pentad.vacations,available,9.99,50.99,medium,low,6,name.com,,,
5115f9b2-a94b-49a9-a8ff-f5accb171214,report.vacations,available,31.25,31.25,high,low,6,spaceship,,,30/09/2026 05:37
60e90b09-8a1b-4446-9fe1-b03ad9b74143,phallic.vacations,available,40.98,49.98,medium,low,7,namecheap,,,08/09/2026 18:31
970d4824-88ec-4d66-a856-2f7a48d0d5f2,verily.vacations,available,38.99,38.99,medium,low,6,namesilo,,,16/09/2026 10:51
946e5bd8-fffa-44fc-abb9-f50502c17572,gardens.vacations,available,31.25,31.25,medium,low,7,spaceship,,,28/09/2026 13:13
2deaebc1-2a11-4227-a234-6fabc75a660c,widget.vacations,available,38.99,38.99,high,low,6,namesilo,,,19/09/2026 21:50
97420e7b-1e33-4ffb-b8cc-3d9358fbbd33,sutton.vacations,available,40.98,49.98,high,low,6,namecheap,,,25/09/2026 16:50
e47fbb1e-d836-4985-90ba-eef26d94e0ee,shot.vacations,available,38.99,38.99,high,low,4,namesilo,,,23/09/2026 13:53
db67be86-cc11-4824-a6d7-d331b5c23e04,blastocyst.vacations,available,40.98,49.98,medium,low,10,namecheap,,,24/09/2026 04:28
b00ad2f9-2970-4b2e-a806-b3e3a1c85bc6,silicone.vacations,available,38.99,38.99,high,low,8,namesilo,,,02/10/2026 06:24
c1a9c2d0-335c-43f7-a4f6-d506e80cf37b,auxesis.vacations,available,38.99,38.99,medium,low,7,namesilo,,,21/09/2026 08:33
e146322d-fb47-475c-a7d3-4f4297c44f61,breakers.vacations,available,5.57,32.21,high,low,8,dynadot,,,30/09/2026 00:52
2b577e8d-4fe4-46a5-86b1-7cc54785fa90,eec.vacations,available,40.98,49.98,high,low,3,namecheap,,,29/09/2026 00:28
498ff7db-899d-46ca-a84f-fa965c124aa7,vaned.vacations,available,38.99,38.99,medium,low,5,namesilo,,,13/09/2026 01:06
cae64ad8-7974-46aa-b183-6a3b4b65fdd9,schoolhouse.vacations,available,5.57,32.21,high,low,11,dynadot,,,30/09/2026 12:19
1c2f0a6a-372c-4397-a8ca-3c336761c45b,scalp.vacations,available,38.99,38.99,high,low,5,namesilo,,,29/09/2026 08:01
ca5d0784-0c55-4eb5-b5a3-52683d172492,borneo.vacations,premium,260,260,high,low,6,namecheap,,,01/10/2026 18:45
d5de5b63-8e9a-4a52-9a0a-8bcdb3bd4981,contras.vacations,available,38.99,38.99,medium,low,7,namesilo,,,03/10/2026 00:11
eab4bf14-97f5-462d-9dd0-d00126fb22fd,probiotic.vacations,available,38.99,38.99,high,low,9,namesilo,,,02/10/2026 05:48
6fcb174a-5770-4c62-84ae-57bc8c3cbab8,loses.vacations,available,38.99,38.99,medium,low,5,namesilo,,,27/09/2026 11:07
ee7c732e-f012-465d-a801-bd531de6b866,ultraviolet.vacations,available,30.2,30.2,high,low,11,cloudflare,,,30/09/2026 03:39
32f0e739-3cb2-4e5e-a909-d5f3220727cb,arabian.vacations,available,9.99,50.99,high,low,7,name.com,,,06/08/2026 11:05
2763bb97-f9f3-4f2e-b290-55af80355ba4,fsc.vacations,available,30.2,30.2,high,low,3,cloudflare,,,01/10/2026 07:46
735b1aea-c138-4521-ab26-90a4d935c64c,neel.vacations,available,31.25,31.25,medium,low,4,spaceship,,,01/10/2026 20:23
4f50051f-3309-4668-8e8b-66c495d46806,gent.vacations,available,31.25,31.25,high,low,4,spaceship,,,02/10/2026 14:23
47d59a80-d22e-4dff-8237-c19e22d2909c,nostra.vacations,available,31.25,31.25,medium,low,6,spaceship,,,02/10/2026 02:54
dba9b966-340b-4818-8818-59c5c4d293e6,cake.vacations,available,31.25,31.25,high,low,4,spaceship,,,02/10/2026 02:26
a74cfd31-08d5-4805-b896-3fe011921f83,oneiric.vacations,available,38.99,38.99,medium,low,7,namesilo,,,04/09/2026 15:12
cd10051e-0679-431b-b82d-996d1dde751e,fil.vacations,available,30.2,30.2,high,low,3,cloudflare,,,30/09/2026 03:20
360edeb9-53dd-4f95-90c9-e71e3a319e32,jaya.vacations,available,5.66,31.41,high,low,4,porkbun,,,30/09/2026 05:18
4c399cb0-0879-48ca-a990-72e77c45f061,rebels.vacations,available,30.2,30.2,medium,low,6,cloudflare,,,28/09/2026 08:52
ec3c6e75-00ca-497f-bdc2-b2df3bfe78e9,trees.vacations,available,9.99,,high,low,5,name.com,,,
a8bec548-8bb1-452e-b6d8-a65645c0af29,livid.vacations,available,9.99,50.99,medium,low,5,name.com,,,07/08/2026 02:24
b475ca39-51d2-4fa3-b6f2-70897787dc41,confirm.vacations,available,38.99,38.99,high,low,7,namesilo,,,27/09/2026 05:57
d2fd8b15-0d20-4bba-9831-58e79564182c,tractor.vacations,available,40.98,49.98,high,low,7,namecheap,,,28/09/2026 11:01
ff5ef5f1-605f-4c63-983e-8f375bd7a485,barkley.vacations,available,38.99,38.99,high,low,7,namesilo,,,18/09/2026 02:32
a7458918-770d-4726-a964-c5b927193937,gravy.vacations,available,38.99,38.99,high,low,5,namesilo,,,24/09/2026 11:11
c6d4bf26-b2d3-4678-acfe-f091b1b2b74a,manhattan.vacations,available,38.99,38.99,high,low,9,namesilo,,,25/09/2026 23:31
b0cf63db-ad9d-4e69-b934-74399f6f9ec2,vanquished.vacations,available,38.99,38.99,medium,low,10,namesilo,,,02/10/2026 02:55
5607c3ab-616c-4db8-8ff2-32cf7852d100,slip.vacations,available,30.2,30.2,high,low,4,cloudflare,,,27/09/2026 22:41
d5571654-90fa-42e6-9190-02c965eac3e1,thief.vacations,available,38.99,38.99,high,low,5,namesilo,,,30/09/2026 11:55
5dabb3b0-1922-4105-a5aa-90d907234984,romanticism.vacations,available,31.25,31.25,high,low,11,spaceship,,,02/10/2026 21:58
ac22305d-5f5e-4213-b166-3398e227350c,tuberculosis.vacations,available,31.25,31.25,medium,low,12,spaceship,,,30/09/2026 14:20
be5b35c5-2b65-409b-9fc7-bd6eb58e84e4,native.vacations,available,38.99,38.99,high,low,6,namesilo,,,03/09/2026 13:45
0dc02ce9-4d1b-436d-b6d5-20b3298e939f,thirteen.vacations,available,38.99,38.99,high,low,8,namesilo,,,21/09/2026 11:32
926c730f-f626-4fa4-96bb-45e8dc7e169c,rap.vacations,premium,242,242,high,low,3,namesilo,,,08/09/2026 10:15
82fb898e-e00e-44c9-8a59-2aa9a5df4093,mustard.vacations,available,38.99,38.99,high,low,7,namesilo,,,28/09/2026 06:28
d7b27a5f-e2b6-4332-834e-3c9e16a4e5aa,emblems.vacations,available,30.2,30.2,medium,low,7,cloudflare,,,28/09/2026 18:24
4d06dfe5-6601-4e28-aba0-48755faf0965,repeal.vacations,available,38.99,38.99,medium,low,6,namesilo,,,16/09/2026 17:15
08ee9ee2-c174-440b-bfa9-c4bdf06c30cd,company.vacations,premium,207.2,207.2,high,low,7,spaceship,,,01/10/2026 22:50
0cf86336-8964-407f-a937-2722fbf6d088,decisive.vacations,available,9.99,50.99,high,low,8,name.com,,,13/08/2026 21:36
3ff59295-be3b-4672-b632-87bec4999f4a,toothbrush.vacations,available,38.99,38.99,high,low,10,namesilo,,,01/10/2026 03:46
1b6dc65f-348d-4d25-b577-843769403ebb,ballota.vacations,available,38.99,38.99,medium,low,7,namesilo,,,21/09/2026 23:16
e3518eb5-be33-4a0d-ba9e-0dc4564a3522,indications.vacations,available,38.99,38.99,medium,low,11,namesilo,,,30/09/2026 07:15
055bdc1b-643a-41b3-9c5b-ba8a08c000e8,fix.vacations,premium,118.8,118.8,high,low,3,namesilo,,,27/09/2026 10:10
d910cefa-bde0-45a4-bfc3-745eb4ea8489,seltzer.vacations,available,38.99,38.99,high,low,7,namesilo,,,24/09/2026 12:47
52ce8d7b-1c8a-415f-917e-1d1768bdbf6b,penalties.vacations,available,9.99,,high,low,9,name.com,,,
2c1a780b-8545-4ec4-8229-9f266c3c44bf,eurovision.vacations,available,5.57,32.21,high,low,10,dynadot,,,03/10/2026 04:31
830020c8-78f0-4d57-aae1-8574b92e4c44,ohmic.vacations,available,38.99,38.99,medium,low,5,namesilo,,,04/09/2026 01:46
6415557c-421f-49c6-88fe-7d8b6d803409,obadiah.vacations,available,38.99,38.99,medium,low,7,namesilo,,,16/09/2026 14:40
669b825b-0373-4930-8c89-aab5b4576ad9,tannic.vacations,available,38.99,38.99,medium,low,6,namesilo,,,11/09/2026 08:01
96d3f329-8355-43db-b8fd-1fd00b6bb526,compressor.vacations,available,31.25,31.25,high,low,10,spaceship,,,30/09/2026 16:45
7b3bf3fd-abb8-4e91-be1e-1bf0b70bc734,mes.vacations,premium,102.67,102.67,high,low,3,spaceship,,,29/09/2026 16:28
717d0688-75ae-45b7-985f-77d91efbdc74,occupancy.vacations,available,38.99,38.99,high,low,9,namesilo,,,02/10/2026 05:49
52df4ddf-eed8-4ec0-9ffa-2829fed4f819,snails.vacations,available,38.99,38.99,medium,low,6,namesilo,,,29/09/2026 06:02
0a1514cc-bc52-4ee2-8a70-1706eeb0dded,reassured.vacations,available,38.99,38.99,high,low,9,namesilo,,,09/09/2026 11:12
8b5b0ece-37f3-450a-8478-af722afdcd4e,wrinkle.vacations,available,9.99,50.99,medium,low,7,name.com,,,13/08/2026 07:11
ace31f68-d0ea-47d4-8e77-9968c7160e77,screening.vacations,available,40.98,49.98,high,low,9,namecheap,,,30/09/2026 03:58
2ea7c06a-73e4-49e3-b550-1e7ee314ef05,wrathful.vacations,available,38.99,38.99,medium,low,8,namesilo,,,13/09/2026 13:36
a4d8d200-3b5c-424f-999b-155714316504,develop.vacations,available,31.25,31.25,high,low,7,spaceship,,,30/09/2026 13:46
0778fb45-9c7a-4056-8df0-8578e9c5db4a,outwards.vacations,available,9.99,50.99,medium,low,8,name.com,,,04/09/2026 19:50
22df1be3-cd16-4246-ba9f-9f63d8bcbf1e,fibreoptic.vacations,available,9.99,50.99,medium,low,10,name.com,,,18/08/2026 03:14
545fac62-57fa-4928-b98e-16c4e97700be,hunch.vacations,available,38.99,38.99,high,low,5,namesilo,,,30/09/2026 10:11
4c9b99b1-d2b2-4f68-850c-a2adc76846be,actual.vacations,available,38.99,38.99,high,low,6,namesilo,,,21/09/2026 16:37
33271941-60c8-4b8e-8de3-d1e59de383f9,conveyance.vacations,available,31.25,31.25,high,low,10,spaceship,,,01/10/2026 02:33
342a436b-630f-42aa-858f-03352f358f33,repercussions.vacations,available,31.25,31.25,low,low,13,spaceship,,,02/10/2026 03:41
43a6f28d-2b80-405c-966a-5823e812a806,undesigned.vacations,available,9.99,50.99,medium,low,10,name.com,,,12/09/2026 07:46
e5280753-f083-4ab0-8191-13ff9b18d09e,nor.vacations,premium,34.36,34.36,high,low,3,spaceship,,,01/10/2026 00:50
0ed4e181-a2d6-4f0d-8780-b47700f8ecbd,tum.vacations,available,38.99,38.99,high,low,3,namesilo,,,02/10/2026 06:30
50aacf5d-387f-475d-ad15-415ced6f48e2,zooming.vacations,available,31.25,31.25,high,low,7,spaceship,,,01/10/2026 17:57
0628e9a4-d0a9-47e6-9b6d-700e013d9ccc,visualize.vacations,available,38.99,38.99,high,low,9,namesilo,,,24/09/2026 16:39
8d133bbf-ef7f-443c-ae9e-1f5bd876fe6c,shores.vacations,premium,,,medium,low,6,,,,29/09/2026 11:01
885c0ffe-cdcd-4774-a348-1928c5aab089,advertisement.vacations,available,38.99,38.99,high,low,13,namesilo,,,02/10/2026 15:22
e06306cb-5c84-427a-b4cb-04a0f4ead7a7,bcs.vacations,available,31.25,31.25,high,low,3,spaceship,,,29/09/2026 15:15
fddcdcd1-d434-4d66-a6d9-ddfee02d2286,discontinuity.vacations,available,30.2,30.2,high,low,13,cloudflare,,,30/09/2026 11:55
a0489338-84cd-46de-b4f0-8319a2d89bec,intimate.vacations,available,38.99,38.99,high,low,8,namesilo,,,25/09/2026 10:27
ccad7f8b-57f0-48da-a3d5-cfe7e9190194,bitmap.vacations,available,38.99,38.99,high,low,6,namesilo,,,23/09/2026 22:40
cedcd95f-58b1-40c5-9190-8b37bdfc531d,isp.vacations,premium,102.67,102.67,high,low,3,spaceship,,,29/09/2026 20:49
f4cea9cc-b64f-4936-9d3e-7b45fc2bc700,habitual.vacations,available,9.99,50.99,high,low,8,name.com,,,20/08/2026 21:28
033922bc-0612-4fe2-aeb6-8c6e07198606,shrimp.vacations,available,31.25,31.25,high,low,6,spaceship,,,29/09/2026 22:02
8c769893-b478-4e28-b5a5-e26c5d6660d0,nonzero.vacations,available,9.99,50.99,high,low,8,name.com,,,03/09/2026 18:39
6029cac0-824c-4f6c-a981-6f85a0555480,sonia.vacations,available,30.2,30.2,high,low,5,cloudflare,,,28/09/2026 03:44
7ff8a91d-8cba-4357-8915-f83369be7e94,rests.vacations,available,38.99,38.99,medium,low,5,namesilo,,,18/09/2026 07:14
a4d59675-3194-444e-b2ce-e5b3575d7d7d,watching.vacations,available,30.2,30.2,high,low,8,cloudflare,,,30/09/2026 06:02
3887d9ec-ce5b-469e-813a-541fed59587c,valley.vacations,available,38.99,38.99,high,low,6,namesilo,,,30/09/2026 14:16
bec27964-4348-4c33-8d96-846da8d23892,taliban.vacations,available,38.99,38.99,high,low,7,namesilo,,,27/09/2026 05:35
429fb697-4481-4c59-b354-cc083b3299f4,relapsing.vacations,available,38.99,38.99,medium,low,9,namesilo,,,09/09/2026 16:17
b696424f-2003-4bf9-a375-abc745bbcaf3,shipowner.vacations,available,31.25,31.25,medium,low,9,spaceship,,,01/10/2026 21:39
df34f65d-306b-4b0d-9cf0-70e88cdbdc93,satisfied.vacations,available,38.99,38.99,high,low,9,namesilo,,,27/09/2026 09:14
8fec824a-f327-4a86-b5f7-ccd30586a251,mixes.vacations,available,38.99,38.99,medium,low,5,namesilo,,,01/10/2026 00:35
8198eba8-ad0b-4440-8244-374ad6c7928b,gill.vacations,available,40.98,49.98,high,low,4,namecheap,,,24/09/2026 08:09
4da501a2-0eae-44f3-8d9c-cbc21156bf02,abstemious.vacations,available,9.99,50.99,medium,low,10,name.com,,,
0e3d5a3d-c4f5-4275-8f22-a9e6461853f8,lingerie.vacations,available,30.2,30.2,high,low,8,cloudflare,,,02/10/2026 05:26
4d1df39b-1d87-4eb2-9aa8-b5c95f4eee15,alkane.vacations,available,38.99,38.99,medium,low,6,namesilo,,,18/09/2026 08:24
51f79c5a-d383-43eb-a11b-04ff675ed73a,engines.vacations,available,40.98,49.98,medium,low,7,namecheap,,,19/09/2026 19:59
16338c5b-a354-411c-b3f1-47a038352f87,fai.vacations,available,30.2,30.2,high,low,3,cloudflare,,,29/09/2026 09:08
09886142-ae4f-4c5d-942f-8049a11fb57f,ire.vacations,premium,38.94,38.94,medium,low,3,namesilo,,,19/09/2026 06:05
c67ca97b-4752-4a0e-826b-da860f3b7aa2,arquebus.vacations,available,38.99,38.99,medium,low,8,namesilo,,,20/09/2026 08:40
e4c613d5-1db7-4fc4-8163-e0004fb28280,workman.vacations,available,38.99,38.99,high,low,7,namesilo,,,01/10/2026 22:04
d3cb3a8f-548f-44d5-a1eb-f0f25bf67e6b,gamin.vacations,available,38.99,38.99,medium,low,5,namesilo,,,11/09/2026 14:56
79a646d0-6836-4822-8efe-09051c4dd67b,glycogen.vacations,available,38.99,38.99,medium,low,8,namesilo,,,19/09/2026 08:46
ad907572-074c-4405-96b8-a2aa4a216bc4,integrally.vacations,available,38.99,38.99,medium,low,10,namesilo,,,15/09/2026 08:51
254b02b4-5775-4e84-8030-37c1d60d6fbd,spa.vacations,resell,,,high,low,3,,,,28/09/2026 10:01
55473959-e004-44a5-be8f-e3b871330fe6,rimbaud.vacations,available,38.99,38.99,medium,low,7,namesilo,,,20/09/2026 11:03
06aeaba0-d41e-490b-9519-c2607c411f9e,implant.vacations,available,38.99,38.99,high,low,7,namesilo,,,29/09/2026 13:06
e64667da-47d0-4289-b0b2-7491a3325e25,networking.vacations,available,38.99,38.99,high,low,10,namesilo,,,30/09/2026 05:49
07d24e4b-953e-4359-9328-62279613b399,palpebrate.vacations,available,38.99,38.99,medium,low,10,namesilo,,,05/09/2026 00:15
4d1b86bc-d43c-405b-a05c-3b4f4040ac07,devotes.vacations,available,38.99,38.99,medium,low,7,namesilo,,,20/09/2026 02:04
0372d2a3-9de0-4425-9126-8d767b9db3a7,elbert.vacations,available,38.99,38.99,medium,low,6,namesilo,,,30/09/2026 05:08
0439313d-38cc-4690-88be-5a146515e709,dusky.vacations,available,9.99,50.99,high,low,5,name.com,,,14/08/2026 21:32
a5bdff6b-e653-4c32-b837-935143243561,kneel.vacations,available,31.25,31.25,high,low,5,spaceship,,,30/09/2026 10:21
72175c9f-b9d8-43eb-aff8-49d4f03c2c75,mannheim.vacations,available,38.99,38.99,high,low,8,namesilo,,,28/09/2026 10:19
35d94357-c6d5-48ba-be49-ab45cc6c924b,confess.vacations,available,31.25,31.25,high,low,7,spaceship,,,30/09/2026 17:40
35e7a300-5551-4fae-b494-af16144be074,consistency.vacations,available,38.99,38.99,high,low,11,namesilo,,,29/09/2026 16:04
e0aba111-f36d-46f6-b07d-6bc9761007fa,lutetium.vacations,available,38.99,38.99,medium,low,8,namesilo,,,20/09/2026 23:39
313a6084-f219-4735-8942-4698d06b3640,essays.vacations,available,38.99,38.99,medium,low,6,namesilo,,,30/09/2026 06:39
d5e66f1a-ef2d-4982-8eec-b0af0441b378,frontal.vacations,available,9.99,50.99,high,low,7,name.com,,,18/08/2026 16:15
e7239fbb-7b10-4c2e-95bc-83ce24ac3d6a,abilities.vacations,available,40.98,49.98,high,low,9,namecheap,,,17/09/2026 04:45
5fdb065b-3e6a-45b3-85dc-8c27140b2837,gusty.vacations,available,9.99,50.99,medium,low,5,name.com,,,20/08/2026 21:10
0dd3c42d-181f-4aee-ac56-49df1dabc058,catalyst.vacations,available,30.2,30.2,high,medium,8,cloudflare,,,29/09/2026 18:16
c77ec05c-e0ce-4f2b-bb34-8548bb401c9b,rid.vacations,premium,102.67,102.67,high,low,3,spaceship,,,30/09/2026 18:36
b927f593-ee05-4597-9de0-c222d3d9f0f6,jude.vacations,available,31.25,31.25,high,low,4,spaceship,,,29/09/2026 18:47
ae556aad-740a-4075-870e-12ee79b606cf,tetanic.vacations,available,38.99,38.99,medium,low,7,namesilo,,,11/09/2026 12:08
5b80b4c7-c7db-474e-8a80-7e8885d1124f,patriarch.vacations,available,5.66,31.41,high,low,9,porkbun,,,02/10/2026 16:20
7728d10d-1faf-42d0-981d-a67c6dded783,truffle.vacations,available,38.99,38.99,high,low,7,namesilo,,,29/09/2026 08:50
3daeb649-b6cd-4f63-bd47-c71aee1ad6db,femur.vacations,available,5.57,32.21,high,low,5,dynadot,,,01/10/2026 19:33
492da79c-8fb6-43bf-b693-d79c7e4bedee,temporal.vacations,available,38.99,38.99,high,low,8,namesilo,,,11/09/2026 11:00
d3405df1-787c-4704-a3cc-1cf862630297,auditorium.vacations,available,40.98,49.98,high,low,10,namecheap,,,21/09/2026 03:13
ac37c467-fb80-41f7-9665-b5641fd406d3,receiving.vacations,available,30.2,30.2,high,low,9,cloudflare,,,27/09/2026 17:11
0af0f873-b8e0-4339-ad1a-9c800784d3c3,jung.vacations,available,40.98,49.98,high,low,4,namecheap,,,25/09/2026 03:59
eb674715-068b-410a-9b56-f42907e56256,motives.vacations,available,31.25,31.25,medium,low,7,spaceship,,,28/09/2026 17:11
76e6794a-8448-4c31-bb08-a832008e7af5,koh.vacations,available,31.25,31.25,medium,low,3,spaceship,,,29/09/2026 04:20
61245c48-3be6-4d5d-810a-7057cf8ebea5,intelligence.vacations,available,31.25,31.25,high,medium,12,spaceship,,,30/09/2026 21:03
78b67648-0aa6-49e7-97fa-27eb4991dab6,dog.vacations,premium,18.3,36.55,high,medium,3,porkbun,,,28/09/2026 21:20
41d07d64-b92d-4d10-a24a-871b1f6852b1,mgm.vacations,available,38.99,38.99,high,low,3,namesilo,,,25/09/2026 13:30
912008cc-b956-403a-a2da-66f673ebf77c,senescent.vacations,available,9.99,50.99,medium,low,9,name.com,,,
fad0ebed-da5f-49b3-a56a-09d15986ba9c,herbal.vacations,available,9.99,50.99,high,low,6,name.com,,,21/08/2026 06:58
8326d88a-3907-4036-a37b-28ee66db13ac,aare.vacations,available,38.99,38.99,medium,low,4,namesilo,,,16/09/2026 13:18
87a4a0a3-89ef-4986-bb8c-171aeaafad17,feet.vacations,available,31.25,31.25,high,low,4,spaceship,,,02/10/2026 15:14
5e9775ff-ce50-43fc-99f0-39acc60f47a1,dallas.vacations,premium,242,242,high,low,6,namesilo,,,25/09/2026 04:35
a0fda17e-3b40-4fbc-8f50-867cda000924,rumor.vacations,available,9.99,50.99,high,low,5,name.com,,,21/08/2026 02:05
6d2ad8ee-ce12-48d5-b34f-c0490cff47f6,solved.vacations,available,38.99,38.99,high,low,6,namesilo,,,10/09/2026 13:46
0de10404-923b-4678-9383-de2cac2c6a8f,chopped.vacations,available,9.99,50.99,high,low,7,name.com,,,12/08/2026 06:57
73f492e2-b322-4ced-8161-45bb9c4e937f,yams.vacations,available,40.98,49.98,medium,low,4,namecheap,,,19/09/2026 22:19
9638b8b9-5f1f-4cad-9aa0-71088f49c155,camwood.vacations,available,38.99,38.99,medium,low,7,namesilo,,,17/09/2026 15:22
cf637c49-37b5-474f-b831-c79b210ebf04,vows.vacations,available,31.25,31.25,medium,low,4,spaceship,,,28/09/2026 04:45
79ab0361-a142-45a5-8112-37ea88cfa1f1,bfa.vacations,premium,118.8,118.8,high,low,3,namesilo,,,01/10/2026 06:12
7655dffd-56ce-4dc3-864f-d774a9296de0,implants.vacations,available,38.99,38.99,medium,low,8,namesilo,,,29/09/2026 17:38
e224fb6e-8451-4e20-bda0-1f8670dd082b,receiver.vacations,available,38.99,38.99,high,low,8,namesilo,,,28/09/2026 10:40
ec5c89ba-dc37-4bc3-aa02-a60bb55ce18a,defending.vacations,available,9.99,50.99,high,low,9,name.com,,,13/08/2026 23:13
42356be4-9eff-451f-828e-25ff316c766c,apercu.vacations,available,38.99,38.99,medium,low,6,namesilo,,,19/09/2026 16:30
56bdeb26-0d94-4e95-bba2-f2f2b730ad34,infringement.vacations,available,31.25,31.25,medium,low,12,spaceship,,,02/10/2026 21:35
f42c3fb3-816e-42e1-b56c-ad355b046c42,ostensible.vacations,available,9.99,50.99,medium,low,10,name.com,,,04/09/2026 18:29
fa072da2-b4db-4b98-91e5-415957c50eed,rita.vacations,available,40.98,49.98,high,low,4,namecheap,,,25/09/2026 19:01
5f933042-22a7-4a9a-9dfe-ddc805689b08,glossary.vacations,available,31.25,31.25,high,low,8,spaceship,,,29/09/2026 20:53
14834e4c-aed6-4e8a-82ea-14c33d76058a,adenovirus.vacations,available,40.98,49.98,medium,low,10,namecheap,,,17/09/2026 07:41
63c8bc83-91a1-4f53-bb1b-a21202f82ca2,clorox.vacations,available,38.99,38.99,high,low,6,namesilo,,,24/09/2026 15:53
869ae48c-fb43-4934-87a2-d619f2930782,brimming.vacations,available,9.99,50.99,medium,low,8,name.com,,,11/08/2026 04:12
350f28a0-9b2e-4a27-b0b4-ab81a79c3443,gallery.vacations,available,38.99,38.99,high,low,7,namesilo,,,20/09/2026 09:55
bcee9f58-d7a1-486f-b218-86170e3c7d87,lank.vacations,available,9.99,50.99,medium,low,4,name.com,,,22/08/2026 19:32
3cd91330-86ee-49ba-9b30-b0b46e9b6444,volts.vacations,available,38.99,38.99,medium,low,5,namesilo,,,02/10/2026 03:43
e6011284-f3d2-4329-8f25-76e7f042afc6,commissioned.vacations,available,38.99,38.99,medium,low,12,namesilo,,,29/09/2026 23:15
3fead43f-9998-40fa-b507-ec0f63717003,pronoun.vacations,available,31.25,31.25,high,low,7,spaceship,,,01/10/2026 21:23
551d6610-fc54-4af4-a67b-40e4ed4e949c,fabian.vacations,available,9.99,50.99,high,low,6,name.com,,,17/08/2026 20:10
2c7819c8-56ed-4a7d-9cd6-203f7e5697e1,bounder.vacations,available,40.98,49.98,medium,low,7,namecheap,,,24/09/2026 02:20
af5d4235-2422-4150-a5e7-9dbac53726fe,engorge.vacations,available,38.99,38.99,medium,low,7,namesilo,,,23/09/2026 17:25
61da450c-afd2-42b7-bd23-d8cd5bc817ae,sopranino.vacations,available,38.99,38.99,medium,low,9,namesilo,,,10/09/2026 14:22
e6c3f9a1-3c7e-488f-af35-29331da7b34b,spasm.vacations,available,30.2,30.2,high,low,5,cloudflare,,,01/10/2026 19:07
9520b57a-3bbe-446c-b911-e2f996a82c0c,toothsome.vacations,available,9.99,50.99,medium,low,9,name.com,,,14/08/2026 00:24
758ffef9-a69d-485b-b13d-739656f74588,liberal.vacations,available,9.99,50.99,high,low,7,name.com,,,09/08/2026 20:57
08eec744-c912-4926-9035-5b5ae76398e3,dots.vacations,available,40.98,49.98,high,low,4,namecheap,,,28/09/2026 22:47
7e34c04e-a03f-48ca-8980-40e138e04170,variably.vacations,available,38.99,38.99,medium,low,8,namesilo,,,16/09/2026 10:46
a8ce220c-0f93-40f1-8a27-103a5bde49f1,suny.vacations,available,31.25,31.25,medium,low,4,spaceship,,,28/09/2026 16:53
229528e1-09f5-445a-8d15-6ec0b76907ac,looked.vacations,available,38.99,38.99,high,low,6,namesilo,,,18/09/2026 11:20
d1f2bd09-7d0d-49ca-aed5-ed5bc94519b0,unsalted.vacations,available,38.99,38.99,medium,low,8,namesilo,,,12/09/2026 18:45
6659fdf7-28e9-4bc0-b02e-71b1c339aac3,pushed.vacations,available,9.99,50.99,medium,low,6,name.com,,,25/09/2026 18:24
fdb0b0bd-6e60-4242-a33f-d9f3dcafaa70,kitschy.vacations,available,9.99,50.99,medium,low,7,name.com,,,09/08/2026 00:53
76a7936b-02f0-4ec6-82d6-992e922c36b2,carat.vacations,available,40.98,49.98,high,low,5,namecheap,,,24/09/2026 12:45
bda754d1-135c-47c2-baba-2aa2891c340b,commentator.vacations,available,5.66,31.41,high,low,11,porkbun,,,29/09/2026 08:48
b8077947-d5b2-4267-8b84-409cb854fdb3,indi.vacations,available,31.25,31.25,medium,low,4,spaceship,,,02/10/2026 02:15
27309efa-4206-4935-8999-4a8f2a68b2f0,tito.vacations,available,38.99,38.99,high,low,4,namesilo,,,25/09/2026 23:21
acdbb472-7343-46f2-8d82-72e2b915a0ee,stoutness.vacations,available,38.99,38.99,medium,low,9,namesilo,,,04/09/2026 22:03
0b5ffaf4-a229-49ea-9a42-49c13aca642c,defaulted.vacations,available,38.99,38.99,low,low,9,namesilo,,,21/09/2026 07:28
567cdbf5-0d3c-4572-9f87-0c77f5bc95f6,forman.vacations,available,38.99,38.99,medium,low,6,namesilo,,,29/09/2026 09:59
bec96404-1985-4a8f-883a-61a7b213384c,gorgeous.vacations,available,38.99,38.99,high,low,8,namesilo,,,24/09/2026 22:48
099e86d9-b350-4142-9ab2-860cfc1f019c,senile.vacations,available,9.99,50.99,medium,low,6,name.com,,,14/08/2026 14:36
f1e6b7ec-87fd-4c90-89ac-21578c70addf,nne.vacations,available,38.99,38.99,high,low,3,namesilo,,,15/09/2026 16:50
3de26b45-dd03-46ec-ab4b-d90659f4a07e,centres.vacations,available,38.99,38.99,medium,low,7,namesilo,,,20/09/2026 08:17
a97020f2-6789-48c6-ad4b-3de08666ed3a,sodium.vacations,available,38.99,38.99,high,low,6,namesilo,,,20/09/2026 22:13
ec36efe7-6f7e-4585-95fe-9c097007ebfc,oversee.vacations,available,5.57,32.21,high,low,7,dynadot,,,30/09/2026 21:16
222c7d28-9468-4c9b-bf76-5ca23a0a1e44,zacharias.vacations,available,31.25,31.25,medium,low,9,spaceship,,,02/10/2026 14:25
748a35e6-8d51-4e0a-b5df-45b5038ecae3,brookhaven.vacations,available,38.99,38.99,medium,low,10,namesilo,,,29/09/2026 15:45
94a528e7-6892-4694-afba-d1024da7b06c,treat.vacations,available,38.99,38.99,high,low,5,namesilo,,,24/09/2026 04:23
d5ad0373-bb6b-4972-8f1b-35d4f0ec99f2,edmond.vacations,available,40.98,49.98,medium,low,6,namecheap,,,27/09/2026 01:39
2072359d-0b29-413e-a294-830ff2a19539,michal.vacations,available,30.2,30.2,high,low,6,cloudflare,,,30/09/2026 12:53
7483664f-3901-4148-aac1-fe82140fccd6,derry.vacations,available,31.25,31.25,high,low,5,spaceship,,,02/10/2026 22:10
95889471-eae6-4d32-8faa-1975512b636a,dish.vacations,available,40.98,49.98,high,low,4,namecheap,,,19/09/2026 08:19
bd676c0d-ffbf-4eaf-b66f-16eadf5d44c8,fighter.vacations,available,9.99,50.99,medium,low,7,name.com,,,09/08/2026 13:34
2e433bbd-6602-41b8-b8f1-9cf23917bc66,governance.vacations,available,9.99,50.99,high,low,10,name.com,,,20/08/2026 17:22
c363761c-a509-4849-a6b0-7b417a9e266a,tumour.vacations,available,31.25,31.25,medium,low,6,spaceship,,,02/10/2026 16:10
0b6c3db0-4e24-430f-9f90-c981a99cd495,sheldon.vacations,available,40.98,49.98,high,low,7,namecheap,,,25/09/2026 15:25
38fe4bd9-b8c4-46ad-a1ad-8e8fb62ba6b3,origen.vacations,available,38.99,38.99,high,low,6,namesilo,,,29/09/2026 13:37
0caa48f2-c48f-4b70-a2b8-dfb370e6b780,mines.vacations,available,30.2,30.2,low,low,5,cloudflare,,,28/09/2026 13:08
9f95b695-db8e-431d-8328-c23c6134f086,aggravated.vacations,available,9.99,50.99,medium,low,10,name.com,,,
4d50e7a9-d3e4-4799-a524-5b7b3d98e78b,entertaining.vacations,available,38.99,38.99,high,low,12,namesilo,,,28/09/2026 07:00
2635c724-0c3c-487f-842b-411f44255dfb,crystal.vacations,available,38.99,38.99,high,low,7,namesilo,,,29/09/2026 12:25
9b889dd0-b870-4374-b8ba-8966687a8931,torment.vacations,available,9.99,50.99,medium,low,7,name.com,,,14/08/2026 21:14
5d4ae955-f7fb-44b2-a656-78370ccd05a1,systems.vacations,available,31.25,31.25,medium,low,7,spaceship,,,01/10/2026 14:38
1230c4c7-98ed-4bde-9ffa-2fb1901ef476,jericho.vacations,available,38.99,38.99,high,low,7,namesilo,,,30/09/2026 10:18
84bf1b22-95ba-43e6-b91a-549509ff1954,seventh.vacations,available,9.99,50.99,high,low,7,name.com,,,
6a5ec98b-4183-4ae3-8b03-86e705f4bae9,based.vacations,available,40.98,49.98,high,medium,5,namecheap,,,02/10/2026 05:57
4b9a21b9-027c-4b01-bab7-fa806de35a4f,banzai.vacations,available,38.99,38.99,high,low,6,namesilo,,,22/09/2026 03:19
2ed667ed-ae4f-47c9-9b5c-a56060ea8dbb,tectonics.vacations,available,40.98,49.98,medium,low,9,namecheap,,,20/09/2026 02:14
0f70f08b-b432-4439-a6ae-e6bf3ea60768,reform.vacations,available,38.99,38.99,medium,low,6,namesilo,,,01/10/2026 14:37
1d485964-80c0-490d-84c2-0c8f2d56226a,plutonic.vacations,available,38.99,38.99,medium,low,8,namesilo,,,19/09/2026 03:29
ce20ed9f-57aa-4b19-9c71-80aa0520786f,pliable.vacations,available,38.99,38.99,medium,low,7,namesilo,,,19/09/2026 14:13
c4c4cd58-672b-4883-9c6b-47e25c98630c,avowal.vacations,available,9.99,50.99,medium,low,6,name.com,,,17/09/2026 14:26
ff75cf1c-4591-49cd-bee4-30d93410cf2c,neutrality.vacations,available,31.25,31.25,high,low,10,spaceship,,,29/09/2026 15:55
fe8250a4-04c8-4c28-b69b-a661aa9ed190,subverter.vacations,available,38.99,38.99,medium,low,9,namesilo,,,09/09/2026 16:25
102162bf-9698-432d-a773-d9a9389fa395,each.vacations,available,38.99,38.99,high,low,4,namesilo,,,24/09/2026 12:45
7c29913b-c8e1-4d33-ae5f-0df80969df0b,mono.vacations,available,40.98,49.98,high,medium,4,namecheap,,,25/09/2026 21:33
17e1ce72-adf1-4178-a98e-54ef6aa8e3eb,gospels.vacations,available,31.25,31.25,high,low,7,spaceship,,,02/10/2026 04:45
d87a17ac-91f8-42ba-a492-93d805c57f09,sled.vacations,available,31.25,31.25,high,low,4,spaceship,,,29/09/2026 20:23
c070425e-91d8-449c-80fd-2b09d308fc09,adjustable.vacations,available,40.98,49.98,high,low,10,namecheap,,,21/09/2026 18:40
9ed5ecb7-a036-4acc-a5ce-f0aeebb52278,astrogator.vacations,available,40.98,49.98,medium,low,10,namecheap,,,20/09/2026 17:41
c24761f0-658d-40fc-a4de-5aab21f7e653,metabolic.vacations,available,9.99,50.99,high,low,9,name.com,,,24/08/2026 21:26
6af443aa-99cf-4c9e-84a4-1dee07e72a7e,kursk.vacations,available,59.99,59.99,medium,low,5,godaddy,,,30/09/2026 02:07
5bcbf4c1-0dd9-44f8-9a54-cd2be41b5313,orleans.vacations,available,30.2,30.2,high,low,7,cloudflare,,,30/09/2026 06:15
a8b50aa2-5033-498c-8991-a50a1973ae1d,control.vacations,available,38.99,38.99,high,low,7,namesilo,,,02/10/2026 01:15
b9815577-59e5-4f6e-89da-ec792e79d46a,caesar.vacations,available,38.99,38.99,high,low,6,namesilo,,,27/09/2026 03:27
165a5402-e815-4bc0-96bf-4ecae2fa3529,rapt.vacations,available,9.99,50.99,high,low,4,name.com,,,14/08/2026 23:50
d28a3610-2da7-4fc3-8221-919a9f9a2469,jen.vacations,available,38.94,38.94,high,low,3,namesilo,,,28/09/2026 03:57
1e2152f5-d734-4f8b-a48c-683faa5cd272,detectable.vacations,available,9.99,50.99,high,low,10,name.com,,,14/08/2026 04:42
4e475680-5079-444f-8c32-1c4300b92575,landscaped.vacations,available,9.99,50.99,medium,low,10,name.com,,,22/08/2026 19:30
713cd90a-5dbc-43ae-9750-f795ac7a26f3,credal.vacations,available,9.99,50.99,medium,low,6,name.com,,,13/08/2026 05:52
f0c27356-ac07-4a64-94ff-8270d5b33a40,remember.vacations,available,38.99,38.99,high,low,8,namesilo,,,30/09/2026 09:10
375ca5c0-ce21-450a-9831-c8d074e8c587,preferences.vacations,available,9.99,50.99,high,low,11,name.com,,,
e2ec1826-5980-43cc-ba48-79dc1f311b05,brockhouse.vacations,available,40.98,49.98,medium,low,10,namecheap,,,23/09/2026 10:18
ac846d4f-1592-497f-983d-43eb5afc4be0,impairment.vacations,available,9.99,50.99,medium,low,10,name.com,,,13/08/2026 19:25
bc32c68c-3a28-4211-82f1-bd4122e07cf8,complain.vacations,available,38.99,38.99,high,low,8,namesilo,,,27/09/2026 03:57
11d3f0cd-bcc7-4190-b5b6-12e42832da24,pinpoint.vacations,available,30.2,30.2,high,low,8,cloudflare,,,30/09/2026 10:52
17b1468d-1166-47dc-9c5a-53df00533f3e,dashingly.vacations,available,38.99,38.99,medium,low,9,namesilo,,,14/09/2026 10:41
ca835efc-4b1e-448b-aadd-2c173cca608c,qualitative.vacations,available,30.2,30.2,high,low,11,cloudflare,,,30/09/2026 21:34
d232cf40-b331-41e3-997b-03d3fcbed12e,ball.vacations,available,40.98,49.98,high,low,4,namecheap,,,24/09/2026 21:18
66011cd5-c674-417a-8f07-ebe85c408206,bullock.vacations,available,30.2,30.2,medium,low,7,cloudflare,,,29/09/2026 11:48
2d73aab5-4e3e-4fd6-8cda-1dfa72351b49,extremely.vacations,available,38.99,38.99,medium,low,9,namesilo,,,27/09/2026 02:51
35c4bb58-b700-4cd0-b4c5-4405e43e3f3b,ellipse.vacations,available,9.99,50.99,high,low,7,name.com,,,04/09/2026 19:52
27fc720f-2e99-4a3d-aa6b-a3df3c265c15,allusion.vacations,available,38.99,38.99,high,low,8,namesilo,,,18/09/2026 12:15
239542b2-8be3-4bce-a208-c0e87d72d06a,polyglot.vacations,available,38.99,38.99,high,low,8,namesilo,,,08/09/2026 23:17
b74d63dd-f2fc-4d31-af47-6b54361c4cfb,blasts.vacations,available,31.25,31.25,medium,low,6,spaceship,,,02/10/2026 13:35
55db41ea-4ca8-4871-b5c0-df9d6698abd4,illusory.vacations,available,9.99,50.99,medium,low,8,name.com,,,21/08/2026 20:15
0a5f8892-1bb6-4bf5-a960-1680178a1e26,boyfriend.vacations,available,40.98,49.98,high,low,9,namecheap,,,22/09/2026 21:55
e50aafce-4454-4d84-a283-19d5a69fc029,simmons.vacations,available,38.99,38.99,medium,low,7,namesilo,,,28/09/2026 07:47
d4010614-169f-4eda-b3a1-d778267079c2,telephone.vacations,available,38.99,38.99,high,low,9,namesilo,,,26/09/2026 00:02
34ddaa63-a98a-4ef2-b1b7-27fb501a1ae7,rko.vacations,available,31.25,31.25,medium,low,3,spaceship,,,28/09/2026 21:41
fff15909-7980-4841-82b8-90e47fc76b1f,canadian.vacations,premium,4140,4140,high,low,8,namesilo,,,23/09/2026 12:40
2b1d4a42-7d47-4e85-a2ca-ef373c5268b7,seduce.vacations,available,30.2,30.2,high,low,6,cloudflare,,,29/09/2026 14:16
c610a57d-92e2-441b-90f3-d9574ac0e401,dastardly.vacations,available,9.99,50.99,medium,low,9,name.com,,,13/08/2026 18:31
645533fc-db35-4568-b9da-cdc1929cfc84,sensing.vacations,available,31.25,31.25,high,low,7,spaceship,,,29/09/2026 14:15
bb8fde18-4fe0-471f-9e87-17398dfbcdf4,anchors.vacations,available,30.2,30.2,medium,low,7,cloudflare,,,01/10/2026 18:28
46aa1b76-b007-4c8c-b6a1-c0d29f4f48ae,wedlock.vacations,available,40.98,49.98,high,low,7,namecheap,,,03/10/2026 01:33
104fe571-ad8c-48d3-b86a-1d28bd18efeb,kirov.vacations,available,31.25,31.25,high,low,5,spaceship,,,02/10/2026 00:27
a0eab441-d9c8-4be6-a3c8-805d2268d52f,anson.vacations,available,30.2,30.2,medium,low,5,cloudflare,,,28/09/2026 07:57
9610b1c4-66f6-4f11-9e33-2d523f54e5a7,talent.vacations,available,30.2,30.2,high,medium,6,cloudflare,,,29/09/2026 18:11
23b97bab-40fb-4a5e-84d6-3fea6a771013,unshaped.vacations,available,40.98,49.98,medium,low,8,namecheap,,,12/09/2026 19:31
103bccdd-aceb-4163-a138-febdc31a4208,ils.vacations,available,31.25,31.25,medium,low,3,spaceship,,,30/09/2026 00:10
9af3d0a1-cdeb-4c2f-b770-373e4aa69de5,lotta.vacations,available,30.2,30.2,medium,low,5,cloudflare,,,03/10/2026 03:04
55bb564c-6b73-47ac-8069-7697367f3470,foiling.vacations,available,38.99,38.99,high,low,7,namesilo,,,11/09/2026 15:16
dfbd3004-4baf-4248-8467-a18799dc5d97,bust.vacations,available,40.98,49.98,high,low,4,namecheap,,,23/09/2026 09:51
c0b59b84-dbed-400e-a964-c8957befe58b,garfish.vacations,available,38.99,38.99,medium,low,7,namesilo,,,23/09/2026 16:11
eac78777-24c8-42fb-9649-4923b97777b5,tijuana.vacations,available,31.25,31.25,high,low,7,spaceship,,,29/09/2026 02:18
db05908d-2b26-4d57-941a-d71491c30709,listening.vacations,available,38.99,38.99,high,low,9,namesilo,,,25/09/2026 09:00
6648132a-0036-4c31-920d-c8397704017f,slope.vacations,available,31.25,31.25,high,low,5,spaceship,,,29/09/2026 23:47
829da861-c9cb-490d-89d4-071132647bb0,mansard.vacations,available,9.99,50.99,medium,low,7,name.com,,,24/08/2026 15:30
36e89495-aac4-4122-b5db-e45bea775e2c,shame.vacations,available,38.99,38.99,high,low,5,namesilo,,,29/09/2026 15:43
35b36296-796c-48ef-80ce-4604e3cac1c4,reggae.vacations,available,38.99,38.99,high,low,6,namesilo,,,02/10/2026 06:14
f48ae601-e56f-47b1-a9e1-1cf597a9fd02,agent.vacations,resell,,,high,medium,5,"Global Domains International, Inc. DBA DomainCostClub.com",24/12/2025 15:15,24/12/2026 15:15,26/09/2026 01:26
8e780b5b-d52a-45c4-8f1e-44336688c448,rhetoric.vacations,available,31.25,31.25,high,low,8,spaceship,,,02/10/2026 04:43
c8f9c5a7-5654-4982-81ab-f1f79c69f01a,witchcraft.vacations,available,30.2,30.2,high,low,10,cloudflare,,,28/09/2026 11:06
9315b77e-6fb6-4992-b9fa-7a74bd51e714,interference.vacations,available,31.25,31.25,medium,low,12,spaceship,,,28/09/2026 21:09
09beaf37-de27-4e2e-b535-551d824b0c19,requisite.vacations,available,9.99,50.99,high,low,9,name.com,,,17/08/2026 13:21
d2797ccb-9565-4c98-b96b-1636336fb575,castellano.vacations,available,30.2,30.2,medium,low,10,cloudflare,,,01/10/2026 02:19
b9bc4878-2eaa-422f-b5f1-b351ac2adac7,crates.vacations,available,31.25,31.25,low,low,6,spaceship,,,01/10/2026 17:58
41fbd7af-510e-441a-b0d0-921e6b24aee4,fundraiser.vacations,available,30.2,30.2,high,low,10,cloudflare,,,30/09/2026 17:25
a0035c8f-0275-4b59-9f22-9738315739b5,incognito.vacations,available,9.99,50.99,high,low,9,name.com,,,22/08/2026 01:36
4bf0d1e4-fd2c-4088-9e16-773c4e18922b,screws.vacations,available,5.57,32.21,medium,low,6,dynadot,,,29/09/2026 17:35
e57553e0-8cfc-4e9e-bbe2-6ff3fd3d9ba9,cxxv.vacations,available,9.99,50.99,medium,low,4,name.com,,,
fefb6565-9330-44b9-a613-5ba1c38e3f9b,madeline.vacations,available,5.66,31.41,high,low,8,porkbun,,,29/09/2026 03:55
ea2c8dd2-1d98-433c-92ee-4c51e3a99102,laban.vacations,available,5.57,32.21,high,low,5,dynadot,,,01/10/2026 20:14
033affc7-1033-46aa-bbab-959cf34ec033,pommel.vacations,available,38.99,38.99,medium,low,6,namesilo,,,23/09/2026 13:53
0e8aeba5-5568-43e7-b854-81b320139873,raids.vacations,available,38.99,38.99,medium,low,5,namesilo,,,30/09/2026 07:30
fc3188ec-9180-47c4-b969-3ac99c8da03f,harcourt.vacations,available,40.98,49.98,high,low,8,namecheap,,,27/09/2026 08:10
4d091c82-3d61-422b-aaae-467230cf5328,csm.vacations,available,31.25,31.25,high,low,3,spaceship,,,30/09/2026 20:24
4790fa2d-cb4c-4a78-a8fc-54ff21c27520,headphones.vacations,available,5.57,32.21,high,low,10,dynadot,,,02/10/2026 01:19
58aeec85-ceef-486c-b992-f6454224dcd7,validated.vacations,available,38.99,38.99,high,low,9,namesilo,,,13/09/2026 00:59
924e5b52-cb0f-417f-9353-bf9c5355b68c,foo.vacations,available,38.94,38.94,high,low,3,namesilo,,,03/10/2026 02:38
b3a69927-44a4-45ce-bb52-5766816be7fd,vagile.vacations,available,38.99,38.99,medium,low,6,namesilo,,,13/09/2026 00:47
e9905474-ec06-4db5-8d8c-830af68b53e1,lxxxv.vacations,available,9.99,50.99,medium,low,5,name.com,,,
cb9f9cfa-a1b9-407f-b9ef-34262327ac64,rockers.vacations,available,38.99,38.99,high,low,7,namesilo,,,23/09/2026 15:34
25bac344-2aae-4739-b63a-7e56fdbe07a3,rightly.vacations,available,38.99,38.99,high,low,7,namesilo,,,15/09/2026 10:16
5b81ce4c-cf94-46ba-9ec2-cde22e5a8ad3,fibres.vacations,available,30.2,30.2,medium,low,6,cloudflare,,,02/10/2026 11:53
fde5f70a-20b9-421b-815e-d1213c18ce4f,lackey.vacations,available,38.99,38.99,medium,low,6,namesilo,,,20/09/2026 15:38
739fc2ba-4752-42e9-bf63-ab34579023db,hedwig.vacations,available,38.99,38.99,high,low,6,namesilo,,,02/10/2026 09:21
95d3dd5a-cb19-4c61-bd09-13298288f369,wrecking.vacations,available,30.2,30.2,medium,low,8,cloudflare,,,29/09/2026 19:31
9922ab7a-f6a6-4af3-88aa-eaf104dc3856,tricolor.vacations,available,40.98,49.98,medium,low,8,namecheap,,,11/09/2026 19:26
747b3f6c-938b-46c1-9560-5520f2550d54,spray.vacations,available,38.99,38.99,high,low,5,namesilo,,,28/09/2026 23:02
32b18753-2f77-4009-ba34-404573cef38b,immersive.vacations,available,31.25,31.25,high,low,9,spaceship,,,03/10/2026 03:47
fd2ef022-1d5e-4919-863a-11d19880d10d,igbo.vacations,premium,128.7,128.7,high,low,4,namecheap,,,30/09/2026 10:17
16c6e34e-699a-473d-82e9-788eade7c40d,assuredly.vacations,available,38.99,38.99,medium,low,9,namesilo,,,13/09/2026 22:09
03dfffc2-225c-4e04-92f6-bfef71952c5a,montclair.vacations,available,38.99,38.99,medium,low,9,namesilo,,,29/09/2026 04:37
2c9fe7f5-18fc-4e21-96a1-c975a0e0a705,happier.vacations,available,38.99,38.99,high,low,7,namesilo,,,18/09/2026 06:17
26a030a0-a405-412b-8fcd-16e652639d72,returnable.vacations,available,38.99,38.99,high,low,10,namesilo,,,09/09/2026 15:55
b810fae2-2afe-48a4-8283-104afab293e7,bluegrass.vacations,available,30.2,30.2,high,low,9,cloudflare,,,02/10/2026 04:05
f8881d2b-606c-4648-8e48-4e165a7869e0,creamy.vacations,available,9.99,50.99,high,low,6,name.com,,,13/08/2026 05:45
3021274e-3f0d-4f97-aa8b-6a55622ee55d,mikhail.vacations,available,38.99,38.99,medium,low,7,namesilo,,,26/09/2026 03:33
fef5bab8-69b7-4da5-8b01-c4170dd6ea49,costume.vacations,available,40.98,49.98,high,low,7,namecheap,,,24/09/2026 18:31
fff54d38-1400-484c-b5e3-219b90690a57,unusable.vacations,available,38.99,38.99,medium,low,8,namesilo,,,12/09/2026 21:58
a77844cd-777e-40c3-9fd9-7da4472e9414,gracie.vacations,available,38.99,38.99,high,low,6,namesilo,,,18/09/2026 10:48
1bf09d99-881f-4ffc-b08f-2777c8c65c0a,gower.vacations,available,38.99,38.99,medium,low,5,namesilo,,,29/09/2026 04:18
1cd5a0fa-e313-49e7-94a0-77598168e705,revolving.vacations,available,38.99,38.99,high,low,9,namesilo,,,29/09/2026 14:43
a3fea1ae-7085-4f38-ba81-d3b570108a9c,eda.vacations,available,38.99,38.99,high,low,3,namesilo,,,30/09/2026 05:14
cf4ce244-04d1-4b80-90d3-15411b427490,friendless.vacations,available,9.99,50.99,medium,low,10,name.com,,,18/08/2026 15:33
0fb96b1e-1e6a-4ad8-a52b-2d77c264b1d3,acclaimed.vacations,available,31.25,31.25,high,low,9,spaceship,,,02/10/2026 17:25
be98203e-19e0-4620-a14b-d9d974f04800,heraldic.vacations,available,9.99,50.99,medium,low,8,name.com,,,21/08/2026 06:53
82ac5590-4485-4073-aeea-96589763cc63,khaki.vacations,available,9.99,50.99,high,low,5,name.com,,,22/08/2026 15:47
2d776a3b-6202-44c9-a639-b0ba7f654c10,exhale.vacations,available,38.99,38.99,high,low,6,namesilo,,,30/09/2026 16:30
b5dfc1ee-c711-40c6-b785-130b2b80bf81,triploid.vacations,available,40.98,49.98,medium,low,8,namecheap,,,11/09/2026 20:10
658ad56b-4900-4ab2-8a8a-f6daeb79aff5,telephonic.vacations,available,38.99,38.99,medium,low,10,namesilo,,,11/09/2026 10:20
7af51598-fe34-420e-a711-5b089f8ea918,bathos.vacations,available,40.98,49.98,medium,low,6,namecheap,,,22/09/2026 13:49
9a9c3832-057e-4549-9c76-0c6bcd104541,gormless.vacations,available,9.99,50.99,low,low,8,name.com,,,18/08/2026 20:48
3c93383c-6c42-4507-b2c8-d1feb983e894,bully.vacations,available,9.99,50.99,high,low,5,name.com,,,08/08/2026 12:15
a1879fe6-2d7c-4ba2-806a-0571e8c68f03,brush.vacations,available,40.98,49.98,high,low,5,namecheap,,,29/09/2026 04:48
c8b666ec-b197-482d-bae2-1df306cceb6f,bloodless.vacations,available,9.99,50.99,medium,low,9,name.com,,,07/08/2026 02:19
f5210b79-7967-4c10-8faf-030a8e4e9c52,ellsworth.vacations,available,30.2,30.2,medium,low,9,cloudflare,,,27/09/2026 13:20
924ca469-08ba-480e-8686-bf4a2cda561b,discordant.vacations,available,9.99,50.99,medium,low,10,name.com,,,14/08/2026 10:00
dc1be009-268f-4e8f-a3b2-a07175c55774,clubby.vacations,available,9.99,50.99,medium,low,6,name.com,,,12/08/2026 11:19
115696d3-08d8-4f18-9b9f-0403d183eb8a,modelling.vacations,available,30.2,30.2,high,low,9,cloudflare,,,30/09/2026 04:48
f2631a5d-2aed-423d-b2db-b1efa54e3398,ksi.vacations,available,5.57,32.21,medium,low,3,dynadot,,,03/10/2026 03:50
390a7cca-0b96-4eb2-83d4-1f1531246dab,shrewdly.vacations,available,9.99,50.99,medium,low,8,name.com,,,13/09/2026 22:22
ba26f825-f1f6-4578-bb48-365aead36aab,glary.vacations,available,9.99,50.99,medium,low,5,name.com,,,10/08/2026 13:49
026b4b4c-7343-4ee6-8bac-b0d4c4221a5b,upscale.vacations,available,38.99,38.99,high,low,7,namesilo,,,12/09/2026 23:19
59b6e1fa-58cd-471a-853d-c75b67fdb609,sot.vacations,available,9.99,50.99,medium,low,3,name.com,,,14/08/2026 20:22
f850a15a-6bde-4d01-957b-fc291cae3a8b,wealthily.vacations,available,38.99,38.99,medium,low,9,namesilo,,,16/09/2026 11:21
f620bba6-7ac5-4615-8b91-5267b268c75c,stemmed.vacations,available,9.99,50.99,medium,low,7,name.com,,,11/08/2026 22:33
01de9291-b8b2-43b8-8dd9-bbe22fa7b01d,marist.vacations,available,38.99,38.99,high,low,6,namesilo,,,03/10/2026 03:43
8c3d1709-a9ea-4e58-a7da-5c1790e710c5,ajaia.vacations,available,38.99,38.99,medium,low,5,namesilo,,,17/09/2026 23:39
a53f6038-b96f-47b3-839f-40d4526dcfd4,rugged.vacations,available,9.99,50.99,high,low,6,name.com,,,18/08/2026 18:56
a7d70c58-9ec5-4a51-8d59-a820b0ad7cf1,groping.vacations,available,9.99,50.99,medium,low,7,name.com,,,20/08/2026 20:18
521eb2e1-0141-43ff-b442-35884e348e56,backing.vacations,available,38.99,38.99,high,low,7,namesilo,,,21/09/2026 15:39
e4873482-8502-4a94-9980-f5bf4ecb85b3,expect.vacations,available,30.2,30.2,high,low,6,cloudflare,,,30/09/2026 15:04
a8a716c4-484f-41a7-90a8-2c7603f5181e,burney.vacations,available,31.25,31.25,medium,low,6,spaceship,,,30/09/2026 05:26
282e1c91-fc2b-4af8-9463-9ef4d1190e53,hospitable.vacations,available,9.99,50.99,high,low,10,name.com,,,21/08/2026 14:16
85f8eae0-2785-4379-a4c4-392581f13b9d,mythology.vacations,available,5.57,32.21,medium,low,9,dynadot,,,28/09/2026 14:56
6bc0240c-1535-44b5-a90d-366a01155e8d,serially.vacations,available,38.99,38.99,medium,low,8,namesilo,,,16/09/2026 01:08
9b04d3c5-4652-452a-a9cc-456785bd79c0,eudaemonia.vacations,available,38.99,38.99,high,low,10,namesilo,,,12/09/2026 22:59
3adeaed6-b0a3-4827-970f-5de883aad0f2,viability.vacations,available,5.66,31.41,high,low,9,porkbun,,,02/10/2026 17:04
9ef46cfe-7f8f-4d40-8ca3-2bda58ca666c,skylight.vacations,available,5.57,32.21,high,low,8,dynadot,,,03/10/2026 02:07
5ca626cb-71d7-43d4-bc68-10ec52aeeaee,waterfowl.vacations,available,38.99,38.99,high,low,9,namesilo,,,19/09/2026 17:39
c22e1227-6980-4a5b-a2e5-c057f09f03cf,unnumbered.vacations,available,9.99,50.99,medium,low,10,name.com,,,13/08/2026 03:46
da813466-b704-438e-b5dc-623ca7c4a4b5,complaint.vacations,available,40.98,49.98,high,low,9,namecheap,,,25/09/2026 07:37
0547fc2c-1cab-4022-b90a-983351a45b86,hoax.vacations,available,31.25,31.25,high,low,4,spaceship,,,30/09/2026 01:25
d9761e82-16e9-4e28-9d46-ec758381d79b,holey.vacations,available,9.99,50.99,medium,low,5,name.com,,,21/08/2026 10:23
33267502-c681-4a56-812c-6f6cfd89500b,den.vacations,premium,38.94,38.94,high,low,3,namesilo,,,24/09/2026 21:50
842445c0-c786-4df0-a237-28544575f809,carnivorous.vacations,available,38.99,38.99,medium,low,11,namesilo,,,03/10/2026 02:44
b25dee46-a5cf-4548-982a-15735567688d,sticker.vacations,available,38.99,38.99,high,low,7,namesilo,,,30/09/2026 01:12
87921fa3-8fe3-4fc1-a883-61efaa5ff180,angle.vacations,available,40.98,49.98,high,low,5,namecheap,,,25/09/2026 13:22
d3781282-7054-4bce-8880-01acedcb87e8,johannesburg.vacations,premium,207.2,207.2,high,low,12,spaceship,,,02/10/2026 08:19
209c148b-9bb5-44aa-9206-223f8d41b526,harmonize.vacations,available,38.99,38.99,high,low,9,namesilo,,,16/09/2026 22:54
2d749127-c309-4ffd-9241-07a8a42d31ac,aiglet.vacations,available,40.98,49.98,medium,low,6,namecheap,,,17/09/2026 18:23
d28b632d-5379-4631-93df-476100c979f2,cavern.vacations,available,38.99,38.99,high,low,6,namesilo,,,01/10/2026 01:18
9bfd60d2-742a-4fd3-80f2-d6578fd76a68,neandertal.vacations,available,9.99,50.99,medium,low,10,name.com,,,10/08/2026 19:30
99015b1f-f7bd-4bd4-b104-f3b3ecc8740a,ionised.vacations,available,9.99,50.99,medium,low,7,name.com,,,22/08/2026 09:33
832f8010-3588-4f7a-a6d0-cb8a474d1ee6,satire.vacations,available,38.99,38.99,high,low,6,namesilo,,,24/09/2026 13:17
f761a90b-3067-4014-a5ed-5a4ac591d76d,bankhead.vacations,available,38.99,38.99,medium,low,8,namesilo,,,22/09/2026 02:47
e798c64a-198c-4f52-bd02-0990cb8eee48,proverbs.vacations,available,38.99,38.99,high,low,8,namesilo,,,24/09/2026 07:04
226562db-126c-4040-8369-d6b4443cd976,gilliam.vacations,available,38.99,38.99,medium,low,7,namesilo,,,30/09/2026 13:39
2019fc7d-d597-44ea-b6bb-7d7d1a6cd934,applications.vacations,available,5.66,31.41,medium,low,12,porkbun,,,28/09/2026 23:10
818634dc-bac6-43e4-adf6-f871673eda2b,underling.vacations,available,38.99,38.99,medium,low,9,namesilo,,,11/09/2026 00:39
a3a980b8-928e-4b81-8fcf-ccef64bd720e,long.vacations,available,40.98,49.98,high,low,4,namecheap,,,24/09/2026 21:14
d131d927-09f4-4cb3-93c6-34e2b2c3b25e,encomium.vacations,available,38.99,38.99,high,low,8,namesilo,,,05/09/2026 00:40
88de61d4-7b07-4013-96ea-0f47b7558822,crossed.vacations,available,9.99,50.99,high,low,7,name.com,,,13/08/2026 08:18
ceaaf0c8-1560-4ae0-b95c-ddef584085cb,shrink.vacations,available,30.2,30.2,high,low,6,cloudflare,,,28/09/2026 01:56
ea749580-9677-4e6e-a4a9-ea2e03a6148a,unbiased.vacations,available,38.99,38.99,high,low,8,namesilo,,,12/09/2026 01:52
56788247-e6e5-46c7-a298-97daa3b8758d,conditioner.vacations,available,38.99,38.99,high,low,11,namesilo,,,01/10/2026 05:38
c02f8852-d803-4706-985e-2c501a553ed6,reading.vacations,premium,128.7,128.7,high,low,7,namecheap,,,30/09/2026 00:17
04a7f548-a237-4b6b-b360-94fc3624373c,pedigree.vacations,available,38.99,38.99,high,low,8,namesilo,,,08/09/2026 13:15
1ea881a7-b9d5-42a5-9f1c-521d9c202eca,gourmet.vacations,premium,242,242,high,low,7,namesilo,,,24/09/2026 14:33
7b198e49-c1bb-4a72-b4a5-bfb4974fb8aa,feathers.vacations,available,31.25,31.25,medium,low,8,spaceship,,,28/09/2026 08:18
a74529e1-dca2-4ae8-b17e-035333af72af,dangerously.vacations,available,31.25,31.25,medium,low,11,spaceship,,,29/09/2026 14:40
d6fee4da-91a8-4c47-bad2-9dabf7f477ea,shaffer.vacations,available,31.25,31.25,high,low,7,spaceship,,,29/09/2026 09:57
8578d986-b34a-43f5-be5e-9b129e51d5e4,vii.vacations,premium,118.8,118.8,high,low,3,namesilo,,,
8c591dcb-b02b-4ecf-a55d-2a9fcebe98d8,ruckle.vacations,available,9.99,50.99,medium,low,6,name.com,,,13/08/2026 07:12
14bbf299-bb1d-47ae-b885-95cc99cfbe1c,snug.vacations,available,9.99,50.99,high,low,4,name.com,,,12/08/2026 12:11
fe5ba5ff-756e-4be5-9651-c4380276c2ff,painters.vacations,available,40.98,49.98,medium,low,8,namecheap,,,29/09/2026 11:24
d94d6185-afe8-4fcc-9e34-4a83d5429c8a,adoringly.vacations,available,9.99,50.99,medium,low,9,name.com,,,13/09/2026 17:23
4c4ac091-c571-4db3-8ebd-46b3db27e872,seized.vacations,available,9.99,,medium,low,6,name.com,,,
e99210ac-6486-4d15-95cf-cbc727742a93,lettering.vacations,available,38.99,38.99,high,low,9,namesilo,,,03/10/2026 01:18
d44b19fa-227d-4507-afb4-b5f56187ddb9,macrophages.vacations,available,38.99,38.99,low,low,11,namesilo,,,28/09/2026 13:24
62df2358-3145-4523-91aa-4d53d4a7c7cd,bong.vacations,available,5.57,32.21,high,low,4,dynadot,,,02/10/2026 04:07
346991b3-5cf0-4a7b-8dc2-648ddcac1a6a,borrow.vacations,available,38.99,38.99,high,low,6,namesilo,,,30/09/2026 16:13
9c09b71e-6dc3-46ff-ae14-1d65ede91a49,coa.vacations,available,38.99,38.99,high,low,3,namesilo,,,29/09/2026 14:33
fc406e8a-f91c-4dd3-9613-95209ea6ef8a,anyhow.vacations,available,40.98,49.98,medium,low,6,namecheap,,,13/09/2026 20:11
81c3f79b-e0b5-42a9-a941-be0da989a43a,ignacio.vacations,available,38.99,38.99,medium,low,7,namesilo,,,28/09/2026 08:56
7a635f35-836c-419a-a4b4-d6a77480bdc0,headlights.vacations,available,38.99,38.99,medium,low,10,namesilo,,,01/10/2026 00:04
16565848-5ae6-4ddf-b778-1d120daabe9f,delusional.vacations,available,9.99,50.99,medium,low,10,name.com,,,14/08/2026 00:51
62c21bca-05f8-4c57-a182-6d5e45c7812b,wilmot.vacations,available,31.25,31.25,medium,low,6,spaceship,,,29/09/2026 16:33
fff78652-98e4-48d2-badc-ec120151943f,inscription.vacations,available,31.25,31.25,high,low,11,spaceship,,,29/09/2026 15:57
b9bfe4bd-b11f-49ce-bcc3-ffa049b6bab3,waits.vacations,available,31.25,31.25,medium,low,5,spaceship,,,28/09/2026 11:43
829fb4bc-0ea2-4a93-ad43-38e47358c980,minor.vacations,available,40.98,49.98,high,low,5,namecheap,,,25/09/2026 20:28
48ea6994-1a94-4589-9c7f-5b9a6494b16a,noticing.vacations,available,31.25,31.25,high,low,8,spaceship,,,29/09/2026 08:45
b8785252-7655-4aa2-8e55-36d0165aaa8d,songbird.vacations,available,31.25,31.25,high,low,8,spaceship,,,30/09/2026 11:31
93020776-8abb-4747-9880-e779ed780afa,hegelian.vacations,available,9.99,50.99,medium,low,8,name.com,,,21/08/2026 06:14
478cfb5c-394a-45fe-8517-ec675ddb20ed,sportswear.vacations,available,38.99,38.99,high,low,10,namesilo,,,17/09/2026 05:14
d915252f-a198-4e7e-97e5-e7fde42a70e9,attach.vacations,available,40.98,49.98,high,low,6,namecheap,,,23/09/2026 19:57
eaa339a9-22ca-4f43-8bce-4ea54f5c551e,cargo.vacations,available,38.99,38.99,high,low,5,namesilo,,,01/10/2026 12:59
9fbae193-ded6-40f1-bdef-c483111b44f2,moth.vacations,available,31.25,31.25,high,low,4,spaceship,,,28/09/2026 19:56
c6a751db-f551-490d-82ee-33b7d5e2f341,impellent.vacations,available,9.99,50.99,medium,low,9,name.com,,,21/08/2026 22:03
4202af51-2756-4a2c-b92f-06878dbb5fbf,buckshee.vacations,available,9.99,50.99,medium,low,8,name.com,,,11/08/2026 07:33
f2c32612-668f-4adb-8384-dace9b56296a,tongue.vacations,available,31.25,31.25,high,low,6,spaceship,,,29/09/2026 20:52
304ee767-b042-4570-922c-8901c2d23ca5,unheralded.vacations,available,38.99,38.99,medium,low,10,namesilo,,,12/09/2026 00:42
5ca2b9d4-bb3d-4845-8218-616c0fd5a544,sim.vacations,available,38.99,38.99,high,medium,3,namesilo,,,30/09/2026 12:04
43b646c1-61a2-4711-b98f-dd4f24f48ffa,environmental.vacations,available,30.2,30.2,high,low,13,cloudflare,,,01/10/2026 06:15
08f9e437-799a-46b5-a2dd-1cd1be5fa7d9,seneca.vacations,available,30.2,30.2,high,low,6,cloudflare,,,02/10/2026 05:40
f07a8513-6614-4429-bd0d-7541210172b8,microbiology.vacations,available,30.2,30.2,medium,low,12,cloudflare,,,02/10/2026 11:38
9b2abc4e-4865-4bb5-bf5e-4a131c94877f,aorta.vacations,available,38.99,38.99,medium,low,5,namesilo,,,19/09/2026 16:04
ebdf58f4-fb3b-4f1d-8dba-9b4e7fcfc32d,twisty.vacations,available,38.99,38.99,high,low,6,namesilo,,,11/09/2026 21:54
a3b096f7-dbcb-4d33-b147-632e3efd45b3,clubhouse.vacations,available,30.2,30.2,high,low,9,cloudflare,,,29/09/2026 18:23
c9d2625d-0937-4460-b5cf-dbc47ae445b6,feed.vacations,available,38.99,38.99,high,low,4,namesilo,,,25/09/2026 05:56
daabdb64-709b-4908-9234-35016af1a209,innovation.vacations,available,31.25,31.25,high,medium,10,spaceship,,,02/10/2026 10:34
72548721-3ff4-453b-a6fa-48ff70ef009c,bronchitis.vacations,available,38.99,38.99,medium,low,10,namesilo,,,02/10/2026 23:44
9934c8e8-92a2-4141-a82c-6ec475e3d66d,constructing.vacations,available,31.25,31.25,high,low,12,spaceship,,,01/10/2026 22:46
f32240a4-0fc5-49b1-99b5-0c1cf9a3e764,connors.vacations,available,31.25,31.25,medium,low,7,spaceship,,,29/09/2026 06:24
688a2de4-dcf3-42f0-bd15-909fa1b5ab1c,chilling.vacations,available,9.99,50.99,medium,low,8,name.com,,,12/08/2026 05:19
aba8da9a-7a75-45d4-9f3e-352287f4818b,despotic.vacations,available,9.99,50.99,medium,low,8,name.com,,,07/08/2026 18:58
d0729d52-64d3-4e49-bd5b-9cdf7e7bf2eb,splitting.vacations,available,38.99,38.99,high,low,9,namesilo,,,09/09/2026 14:01
b82c6553-e67e-44ad-8d74-6ed8ed85ba3e,wayfaring.vacations,available,38.99,38.99,high,low,9,namesilo,,,13/09/2026 08:47
8e5e83a8-8105-4592-8f73-ddf101ba0850,lincolnshire.vacations,available,31.25,31.25,medium,low,12,spaceship,,,28/09/2026 11:48
a212b5b8-4602-4d03-9c6c-f83b2fd718e8,chant.vacations,available,38.99,38.99,high,low,5,namesilo,,,24/09/2026 13:41
63b78097-f6a2-49f9-b893-d151d81c17b8,coptic.vacations,available,9.99,50.99,high,low,6,name.com,,,13/08/2026 00:36
a34da414-8fac-482f-8a7c-b2a8e4b38191,encodes.vacations,available,40.98,49.98,low,low,7,namecheap,,,28/09/2026 17:50
c72fe769-4ac9-406c-93ad-f57753aac78d,alienator.vacations,available,38.99,38.99,medium,low,9,namesilo,,,18/09/2026 07:36
7999c07a-2cac-4ba7-81b1-263d17d981c1,cowen.vacations,available,5.66,31.41,medium,low,5,porkbun,,,30/09/2026 20:26
dd8a9305-1708-4655-940e-a188cb1444ce,lumpy.vacations,available,9.99,50.99,medium,low,5,name.com,,,12/08/2026 07:46
51d2a8d4-1dc5-45e9-9deb-9d8732531aec,motored.vacations,available,9.99,50.99,high,low,7,name.com,,,25/08/2026 08:30
ea8ffd7f-c844-4461-8be6-698bb0c30db5,squashy.vacations,available,9.99,50.99,medium,low,7,name.com,,,10/08/2026 17:16
bd088cc8-3b6e-48b6-9173-a408cb5f12d7,stream.vacations,available,38.99,38.99,high,medium,6,namesilo,,,27/09/2026 05:33
f1a76d7b-29b6-41e1-999a-75e767dd6b92,playback.vacations,available,31.25,31.25,high,low,8,spaceship,,,29/09/2026 13:42
e3129c08-9095-4833-9a34-c1060c783db8,minded.vacations,available,9.99,50.99,high,low,6,name.com,,,24/08/2026 23:35
12893f77-1be2-419e-80bc-659a95c4c625,performs.vacations,available,9.99,,medium,low,8,name.com,,,
7c2aa9d4-a453-40e7-b1d7-dd1faece5be5,copular.vacations,available,9.99,50.99,medium,low,7,name.com,,,13/08/2026 00:38
a7a19ea0-24d1-40a8-96ab-b5b7d002ed7b,cole.vacations,available,40.98,49.98,high,low,4,namecheap,,,25/09/2026 01:59
deb2ee20-9e1b-4726-b959-87713480ceaf,spillover.vacations,available,38.99,38.99,medium,low,10,namesilo,,,16/09/2026 17:36
cb825404-5ae6-462e-997b-5031ff3e9d68,fallen.vacations,available,38.99,38.99,high,low,6,namesilo,,,24/09/2026 16:26
051425f4-2544-42dd-a7de-c3d6572a02e7,abingdon.vacations,available,38.99,38.99,medium,low,8,namesilo,,,28/09/2026 22:10
e67167fd-9c1d-4dcd-9092-f0900459b0bf,acold.vacations,available,9.99,50.99,medium,low,5,name.com,,,
fa437425-d46f-4b7c-8c19-509f9fcbe915,tarzan.vacations,available,31.25,31.25,high,low,6,spaceship,,,29/09/2026 02:18
3ea42a3b-4740-4b03-8757-13cffc386500,shouts.vacations,available,38.99,38.99,medium,low,6,namesilo,,,18/09/2026 07:00
9e8fb41f-19f9-406e-a564-ac50fc41ec61,merrily.vacations,available,38.99,38.99,high,low,7,namesilo,,,14/09/2026 00:25
4e47b2dc-efd1-4327-979c-2b3f117f3cc0,wastebasket.vacations,available,38.99,38.99,high,low,11,namesilo,,,02/10/2026 00:52
39a50969-ae28-4076-983c-8a5fca724a05,yield.vacations,available,38.99,38.99,high,low,5,namesilo,,,30/09/2026 07:29
fc5773fc-2add-4392-92d1-3c83499d56ce,svp.vacations,available,38.99,38.99,high,low,3,namesilo,,,30/09/2026 12:33
67a0b4c8-8858-476e-9213-e04e9dfc2bf2,disorderly.vacations,available,9.99,50.99,medium,low,10,name.com,,,14/08/2026 11:51
bb6ab9f9-6ddb-452a-b255-3131c92c837d,idly.vacations,available,38.99,38.99,high,low,4,namesilo,,,15/09/2026 01:38
b520db46-aff0-4a7b-bb4b-3acbf1324f3b,angled.vacations,available,9.99,50.99,medium,low,6,name.com,,,
e365b0a0-3c3d-47b0-8f2e-eeb8da63e7ce,anti.vacations,available,9.99,50.99,high,low,4,name.com,,,
99af8712-46e7-46ed-bf65-1cf5f097f46f,blindfold.vacations,available,9.99,50.99,high,low,9,name.com,,,10/08/2026 14:26
d68bdb11-75df-4814-af57-04cc8005f71c,catalonia.vacations,premium,118.8,118.8,medium,low,9,namesilo,,,28/09/2026 09:16
6ffd6410-1a89-4386-a149-0cda092cb558,unordered.vacations,available,38.99,38.99,medium,low,9,namesilo,,,12/09/2026 16:18
0a4340b1-80b2-4c36-a5fb-6e83af450874,uniquely.vacations,available,38.99,38.99,high,low,8,namesilo,,,16/09/2026 10:06
f17127cb-740c-4b5e-ace4-bb9ba2f3fc0f,fame.vacations,available,38.99,38.99,high,low,4,namesilo,,,02/10/2026 10:31
1eaaad07-b006-471a-87c9-84fc1ef1e8fb,valdez.vacations,available,5.66,31.41,medium,low,6,porkbun,,,28/09/2026 20:43
262e5716-21dc-4a79-b291-ee65464482d4,genial.vacations,available,38.99,38.99,high,low,6,namesilo,,,21/09/2026 21:42
79ff71e0-73fc-40fb-8f42-1dbd3b173b70,tangerine.vacations,available,38.99,38.99,high,low,9,namesilo,,,11/09/2026 07:55
2271a442-c559-47cc-95a0-ff7637f64da3,approaches.vacations,available,40.98,49.98,high,low,10,namecheap,,,01/10/2026 16:38
a105a3a8-1d95-4093-9e95-64d31dd1a31c,shout.vacations,available,30.2,30.2,high,low,5,cloudflare,,,29/09/2026 12:22
809bacb2-4c5f-46ff-9ab6-2e1901ea8080,wellington.vacations,premium,242,242,high,low,10,namesilo,,,20/09/2026 11:08
023fa645-d765-4aba-9fd4-4879bbdd9154,menstrual.vacations,available,9.99,50.99,high,low,9,name.com,,,11/08/2026 20:59
7285a99d-7415-4b22-a548-598ecd1e5a99,peeled.vacations,available,9.99,50.99,medium,low,6,name.com,,,08/08/2026 18:24
ea1d415c-1102-4092-862a-c223fba2586f,hens.vacations,available,40.98,49.98,medium,low,4,namecheap,,,01/10/2026 18:16
c4545a5a-02b5-4ef6-b1b2-296b198bbe83,male.vacations,available,38.99,38.99,high,low,4,namesilo,,,25/09/2026 16:34
b539afeb-34ca-46af-8e97-e2282c75e14b,carry.vacations,available,31.25,31.25,high,low,5,spaceship,,,28/09/2026 00:56
f96f5c59-3621-491d-813e-3b2b7442eea1,verminous.vacations,available,38.99,38.99,medium,low,9,namesilo,,,13/09/2026 04:05
ca81a9e1-1d05-47a7-b380-03284ae74a2f,othello.vacations,available,31.25,31.25,high,low,7,spaceship,,,02/10/2026 06:00
9c616402-c4b9-4c6f-940d-ea6da35dcf95,nicolas.vacations,available,38.99,38.99,high,low,7,namesilo,,,25/09/2026 13:18
5980f44e-93ab-4a61-987b-ec7acca45e29,langton.vacations,available,5.57,32.21,medium,low,7,dynadot,,,01/10/2026 11:01
931dd473-0f01-4292-bda9-23f1a442d395,harmonise.vacations,available,38.99,38.99,high,low,9,namesilo,,,16/09/2026 22:55
1af3b64f-26ea-4157-9338-b107ad6a63d2,creaky.vacations,available,9.99,50.99,medium,low,6,name.com,,,06/08/2026 22:59
bbabc0eb-8f09-4457-ad3b-7ef3e8af686d,worms.vacations,available,38.99,38.99,medium,low,5,namesilo,,,28/09/2026 03:50
aece65a8-d90f-4c48-be3a-9efe583fbab1,spinner.vacations,available,31.25,31.25,high,low,7,spaceship,,,01/10/2026 03:50
d2b3d8e8-391f-4fdc-995c-44af60c04919,rhapsodic.vacations,available,9.99,50.99,medium,low,9,name.com,,,14/08/2026 23:52
ebe34b0d-52f9-43bf-ab57-f3a9624766e8,siberia.vacations,available,31.25,31.25,high,low,7,spaceship,,,29/09/2026 20:20
8280c8cf-3236-417e-87d4-5c0ec237196c,slowpoke.vacations,available,40.98,49.98,medium,low,8,namecheap,,,10/09/2026 20:25
104f3991-a856-4ca9-9a54-1cb945eff439,hearts.vacations,available,31.25,31.25,high,low,6,spaceship,,,29/09/2026 22:26
54f94ade-a7b0-441e-adb4-d53ef5fba33b,maunder.vacations,available,38.99,38.99,medium,low,7,namesilo,,,23/09/2026 23:31
15bc59a6-40d2-4d5a-9d98-b91bcd96e1f6,anapest.vacations,available,38.99,38.99,medium,low,7,namesilo,,,19/09/2026 02:04
a659ac42-93a0-41d7-85af-f47cda71a684,tile.vacations,available,31.25,31.25,high,low,4,spaceship,,,30/09/2026 10:23
c4f2497c-77db-4fe6-abff-58b7d3af6028,backspace.vacations,available,38.99,38.99,high,low,9,namesilo,,,21/09/2026 16:01
247fb29e-c448-49c3-ae9e-fa7f2e2f51a5,cmos.vacations,available,5.57,32.21,medium,low,4,dynadot,,,29/09/2026 04:59
5b30b8f8-ff7a-4d8c-aad0-b50e70c7026e,asteraceae.vacations,available,38.99,38.99,medium,low,10,namesilo,,,20/09/2026 17:03
7320e693-f701-4593-a45f-cb853db4aa71,autotomic.vacations,available,9.99,50.99,medium,low,9,name.com,,,07/08/2026 21:13
05d5ba5f-bf1e-4abb-9fa8-113cd4d82f57,impressed.vacations,available,31.25,31.25,high,low,9,spaceship,,,01/10/2026 17:56
b60d0ebb-deaf-4cab-9fd3-d53e39c1c61e,sellable.vacations,available,9.99,50.99,medium,low,8,name.com,,,24/08/2026 20:28
0752ed5a-481a-436e-a823-9a08f4628d8b,alto.vacations,available,9.99,50.99,high,low,4,name.com,,,
b2b7be3d-7ba0-42a7-b93a-f2875d0d776c,nodular.vacations,available,40.98,49.98,medium,low,7,namecheap,,,03/09/2026 18:06
46d406a4-b756-4ed8-8953-dd2f81deb431,perl.vacations,available,5.66,31.41,high,low,4,porkbun,,,29/09/2026 21:52
057734f5-22a8-4712-9c99-0e1058565166,newsletter.vacations,available,38.99,38.99,high,low,10,namesilo,,,30/09/2026 02:23
4f84d950-d340-495b-9cf6-8ad9a5efd77e,hendricks.vacations,available,31.25,31.25,medium,low,9,spaceship,,,28/09/2026 08:45
dd2611b0-0a7e-403b-b3c4-90e772b3cad8,bended.vacations,available,9.99,50.99,low,low,6,name.com,,,09/08/2026 14:15
962dcc03-b3c8-4832-ab8b-40dcbf37b8c7,buttocks.vacations,available,9.99,50.99,medium,low,8,name.com,,,09/08/2026 10:25
86213422-4726-4eed-9812-e30a73fefc68,absent.vacations,available,38.99,38.99,high,low,6,namesilo,,,21/09/2026 14:37
a8e51b12-c947-4cd3-ab99-130da85d0cb8,hormones.vacations,available,31.25,31.25,medium,low,8,spaceship,,,28/09/2026 23:02
04b4513d-2640-4365-96a4-eeff53df1d2a,expands.vacations,available,31.25,31.25,medium,low,7,spaceship,,,02/10/2026 12:26
0f7d4a20-5325-4ac0-985f-92c9a88f65ff,jets.vacations,available,38.99,38.99,high,low,4,namesilo,,,28/09/2026 12:04
5ac88798-235b-4c10-b096-6c39925157b0,lustful.vacations,available,9.99,50.99,medium,low,7,name.com,,,12/08/2026 20:18
e07bb397-17ed-47f5-9b1f-f8a5f2ea2b71,financing.vacations,available,5.57,32.21,high,low,9,dynadot,,,29/09/2026 12:21
f0fb204c-fd09-4fc2-8f05-b181ab94d34c,looney.vacations,available,9.99,50.99,medium,low,6,name.com,,,13/08/2026 05:34
7884df42-2bf7-4d2c-a34b-221328405753,dedham.vacations,available,30.2,30.2,medium,low,6,cloudflare,,,29/09/2026 22:43
efa2fdc0-f9df-41b0-8c58-b00668dd99fd,acheron.vacations,available,38.99,38.99,medium,low,7,namesilo,,,17/09/2026 00:29
440327a8-fc89-448d-b9ed-088de186b06e,fireproof.vacations,available,9.99,50.99,high,low,9,name.com,,,18/08/2026 05:07
c02548f1-0a8a-460e-a2c1-a4e3352e47ae,northward.vacations,available,40.98,49.98,high,low,9,namecheap,,,03/09/2026 21:27
7ee1fa6f-19b0-4977-8bb5-0c6d54e875f7,hills.vacations,available,9.99,,high,low,5,name.com,,,17/09/2026 17:53
1943b78d-ff8c-471e-93ff-619e67c42a7e,founded.vacations,available,5.66,31.41,high,low,7,porkbun,,,28/09/2026 21:04
f2681780-8886-495e-aedd-f0f2a1e245a3,finely.vacations,available,38.99,38.99,high,low,6,namesilo,,,14/09/2026 11:23
7c362183-9937-42f3-b1ec-cba9aef151f9,letters.vacations,available,38.99,38.99,high,low,7,namesilo,,,30/09/2026 02:50
91b2f37e-fc67-4406-95e6-5fc3ee3c1d93,kew.vacations,available,38.99,38.99,high,low,3,namesilo,,,28/09/2026 11:39
8ad25735-42c5-4eb9-9f2d-002d80aa5d23,fulgid.vacations,available,9.99,50.99,medium,low,6,name.com,,,
227cc1a7-d97b-49e1-83f4-13e6e99eaa35,reliably.vacations,available,38.99,38.99,high,low,8,namesilo,,,14/09/2026 11:46
7514a676-027c-4d2a-a462-f0df7afee879,effulgent.vacations,available,9.99,50.99,medium,low,9,name.com,,,15/08/2026 16:23
bfab213b-6ad6-412d-ba14-e2ccd56b0530,pins.vacations,available,40.98,49.98,high,low,4,namecheap,,,18/09/2026 08:25
ab5fac7c-4c6d-42fd-bef4-83db412249f4,meanly.vacations,available,38.99,38.99,medium,low,6,namesilo,,,13/09/2026 23:32
5e901f11-8ef6-4763-90d4-504c0b4bb1d6,yur.vacations,available,40.98,49.98,high,low,3,namecheap,,,02/10/2026 04:53
8362ed5b-601c-46dd-83fc-50a582fddde8,pictorial.vacations,available,9.99,50.99,high,low,9,name.com,,,23/08/2026 01:46
98faaedc-5a73-4384-8cb4-e85a455b2167,existing.vacations,available,38.99,38.99,high,low,8,namesilo,,,24/09/2026 15:59
3c819843-ccb8-407e-9c72-db7e4f723316,rsc.vacations,available,30.2,30.2,high,low,3,cloudflare,,,02/10/2026 19:24
a36ea90c-1538-479c-a6ad-efce357dd496,abuse.vacations,available,38.99,38.99,high,low,5,namesilo,,,08/09/2026 12:39
122d8280-f4e5-42ec-8c8f-17f2aa262c39,biotic.vacations,available,9.99,50.99,high,low,6,name.com,,,10/08/2026 03:14
0897eb8a-8368-458a-b5b0-3c848eb69f1c,digestible.vacations,available,9.99,50.99,medium,low,10,name.com,,,14/08/2026 07:14
15c59611-911b-4087-bfb4-26a7c2924d97,striking.vacations,available,38.99,38.99,high,low,8,namesilo,,,27/09/2026 07:25
b614c042-9b65-4b6c-99e5-50f666525252,unhappiness.vacations,available,9.99,,medium,low,11,name.com,,,
ec4efb63-c680-4383-8a4e-49e2467463e4,proportion.vacations,available,38.99,38.99,high,low,10,namesilo,,,30/09/2026 07:43
ab899c99-0bd5-496f-849e-7d5a71c803fa,shovels.vacations,available,9.99,50.99,medium,low,7,name.com,,,20/09/2026 10:22
b2998d83-bb1f-4ca4-9c92-04e844bb58c9,manx.vacations,available,9.99,50.99,high,low,4,name.com,,,24/08/2026 15:32
a99ad089-b88f-4c84-b1f5-9231ce9edb53,stormwater.vacations,available,38.99,38.99,high,low,10,namesilo,,,30/09/2026 05:51
097fa866-94b8-4396-b216-de1febe5134c,latina.vacations,premium,36.3,36.3,high,medium,6,dynadot,,,28/09/2026 11:11
38123199-6333-4d0d-9515-2db89363dd75,chilean.vacations,premium,118.8,118.8,high,low,7,namesilo,,,12/08/2026 05:15
1335861c-e2b5-4b36-bc05-2268a6e4f416,attract.vacations,available,30.2,30.2,high,low,7,cloudflare,,,30/09/2026 15:30
523c5aab-f071-4c65-88e6-d2d5ddd9355a,worrying.vacations,available,9.99,50.99,medium,low,8,name.com,,,14/08/2026 13:23
a174da33-5fda-4d64-9ef7-1ed409a9491b,pyrrhic.vacations,available,38.99,38.99,medium,low,7,namesilo,,,09/09/2026 07:12
87d4ccf8-e9fd-485d-a9dd-d97a41afb871,place.vacations,available,38.99,38.99,high,low,5,namesilo,,,24/09/2026 23:57
e916fac8-4935-4a33-9b1d-6f95ebe80d88,clumsy.vacations,available,38.99,38.99,medium,low,6,namesilo,,,23/09/2026 11:20
2a4f2664-4990-4e98-9b90-faa7d38050ae,pak.vacations,available,38.94,38.94,high,low,3,namesilo,,,28/09/2026 03:33
a7f62dd7-7c67-438e-a242-fe0c19e008fb,neuronic.vacations,available,38.99,38.99,medium,low,8,namesilo,,,03/09/2026 16:21
aa2f002a-cb43-4c82-a6cc-09d2c9bd953a,idealized.vacations,available,9.99,50.99,high,low,9,name.com,,,21/08/2026 17:58
f79352ec-f41f-4e65-b2ac-3bc8de068f18,doubter.vacations,available,9.99,50.99,medium,low,7,name.com,,,
d9be2693-ef0b-4f52-b3b9-b627ad7b61af,mohave.vacations,available,38.99,38.99,high,low,6,namesilo,,,01/10/2026 03:01
633aacd3-30ee-4ae6-8e7b-b9ddb2e89f34,ail.vacations,available,40.98,49.98,medium,low,3,namecheap,,,17/09/2026 21:05
d4dba9ff-51ea-415d-bf74-6c04f16dd65f,wonderfully.vacations,available,5.57,32.21,high,low,11,dynadot,,,01/10/2026 18:15
377dbef1-e063-4e52-a78b-1c456f584703,stp.vacations,premium,102.67,102.67,high,low,3,spaceship,,,01/10/2026 21:35
9653f632-19d9-479d-9b1e-0c1530a84b69,indifference.vacations,available,30.2,30.2,high,low,12,cloudflare,,,29/09/2026 23:01
bd70e6d0-fcdd-47a8-8c23-90018f282dd3,cathodic.vacations,available,9.99,50.99,medium,low,8,name.com,,,11/08/2026 21:56
af48b70d-0dd7-46c6-82e3-95d72808de55,christiana.vacations,available,59.99,59.99,medium,low,10,godaddy,,,01/10/2026 00:03
c1e5134b-2130-417a-ad6b-52e035e39078,kirwan.vacations,available,38.99,38.99,medium,low,6,namesilo,,,02/10/2026 02:04
adb2e0e8-2c6d-4a0a-b5dc-8f3318488df3,floated.vacations,available,38.99,38.99,medium,low,7,namesilo,,,30/09/2026 15:08
7ccc5dfc-0f1b-4dd9-806a-41b982a45e72,cantabile.vacations,available,9.99,50.99,medium,low,9,name.com,,,11/08/2026 17:38
75ccfad9-033f-4daf-b824-61f7bd747dfe,laurent.vacations,available,38.99,38.99,medium,low,7,namesilo,,,27/09/2026 09:55
4d7dc8da-6a17-4f8e-865e-fae53b863c7a,tartness.vacations,available,38.99,38.99,medium,low,8,namesilo,,,17/09/2026 03:12
1ab250ba-19d0-4892-bdaf-268390e6f1d4,decca.vacations,available,30.2,30.2,medium,low,5,cloudflare,,,28/09/2026 21:44
ba6505d8-4ef9-4f07-983e-b9f39ad06980,flavour.vacations,available,5.66,31.41,high,low,7,porkbun,,,01/10/2026 19:33
7dd17133-68c5-4e67-985f-d97568ec5588,pluperfect.vacations,available,38.99,38.99,medium,low,10,namesilo,,,08/09/2026 22:00
d50a44c4-70c8-4882-934c-5bb553e78a1a,slid.vacations,available,38.99,38.99,medium,low,4,namesilo,,,30/09/2026 14:18
b728fe0c-d23f-4072-9d59-f9faa698d062,waiting.vacations,available,38.99,38.99,high,low,7,namesilo,,,27/09/2026 10:28
820f85e6-c5d6-4951-b3f7-f81d96b2679b,callie.vacations,available,38.99,38.99,high,low,6,namesilo,,,02/10/2026 00:10
5d6c70d8-830f-4ad6-9d89-04485aa158be,bohrium.vacations,available,38.99,38.99,medium,low,7,namesilo,,,20/09/2026 22:07
dc966c8f-c960-4cda-a508-44bba691cd51,ponds.vacations,available,38.99,38.99,medium,low,5,namesilo,,,18/09/2026 22:37
1fb79000-02f3-40a8-ab79-35a01ba8aca1,acorn.vacations,available,38.99,38.99,high,low,5,namesilo,,,17/09/2026 02:18
a7c7df85-4884-442f-ad79-898ae787e5f1,larue.vacations,available,30.2,30.2,medium,low,5,cloudflare,,,02/10/2026 08:03
037a4d12-51e5-47b1-ac82-3de1158a5f01,dedicate.vacations,available,40.98,49.98,high,low,8,namecheap,,,30/09/2026 18:29
b5d73ef1-24cd-434a-a429-2232c4cdc0f1,shepherds.vacations,available,31.25,31.25,medium,low,9,spaceship,,,02/10/2026 12:36
0d1deb99-5d8a-4d99-8eef-73786771cb32,cheer.vacations,available,38.99,38.99,high,low,5,namesilo,,,24/09/2026 14:09
ff152409-9f14-4db0-ba92-702a09f39c30,sharply.vacations,available,9.99,50.99,medium,low,7,name.com,,,27/09/2026 20:32
b931c7a5-bef1-421a-9482-2f578f883c01,vibrations.vacations,available,38.99,38.99,medium,low,10,namesilo,,,29/09/2026 23:57
e9318712-e650-437f-906f-a0b28912652a,wherever.vacations,available,40.98,49.98,high,low,8,namecheap,,,16/09/2026 11:29
6160ef5a-2653-421b-8d60-bde1a6a54460,heap.vacations,available,9.99,50.99,high,low,4,name.com,,,25/08/2026 00:28
200fc8b3-4749-477e-acd6-3e78077f5806,pompon.vacations,available,38.99,38.99,medium,low,6,namesilo,,,19/09/2026 09:36
a2a905db-f0c5-463c-af37-82b1e54e5b98,sinner.vacations,available,5.66,31.41,medium,low,6,porkbun,,,29/09/2026 18:50
ed85b6b9-689f-4df6-93bc-8b233d05c2ea,terrorism.vacations,available,38.99,38.99,medium,low,9,namesilo,,,17/09/2026 04:10
308a5bb2-cd00-4f7b-a51c-700fa71644d0,cbd.vacations,available,31.25,31.25,high,low,3,spaceship,,,28/09/2026 08:39
6ed8c554-a596-4cf1-ac93-7bd644efa7a2,cams.vacations,available,38.99,38.99,medium,low,4,namesilo,,,20/09/2026 11:30
55c2ad90-b5d4-40be-919c-17ba452f8a85,cough.vacations,available,40.98,49.98,high,low,5,namecheap,,,24/09/2026 18:37
77aae917-aa9b-4c1f-9e30-c9fd17166421,heuristics.vacations,available,38.99,38.99,medium,low,10,namesilo,,,02/10/2026 02:40
c2c5de07-25c0-4e2d-9f56-4f1550028743,merchant.vacations,available,31.25,31.25,high,low,8,spaceship,,,28/09/2026 10:22
cf5c4f5b-eb21-45d3-9471-1318dadf0569,bypast.vacations,available,9.99,50.99,medium,low,6,name.com,,,11/08/2026 12:08
978ee627-f531-4152-9720-ccf8ce2d55d9,abkhaz.vacations,available,9.99,50.99,medium,low,6,name.com,,,
e382aff4-4bdf-48d0-99d4-984b59303a06,kettering.vacations,available,5.57,32.21,medium,low,9,dynadot,,,29/09/2026 06:20
daecb133-6f4f-40ae-8f94-829912f5aa5f,aranyaka.vacations,available,38.99,38.99,medium,low,8,namesilo,,,20/09/2026 00:08
19f4e46b-2dbc-4444-b465-0d3fafea1ec6,tulip.vacations,available,5.57,32.21,high,low,5,dynadot,,,30/09/2026 19:03
e0b735e6-270f-4968-aa38-bb2a754d9cfd,universally.vacations,available,40.98,49.98,high,low,11,namecheap,,,01/10/2026 18:19
c857a8a6-5da5-487c-9229-5145ba9b7958,pillowcases.vacations,available,38.99,38.99,medium,low,12,namesilo,,,21/09/2026 01:49
1256dfb5-4558-4701-8690-49f9cb34d1c7,artery.vacations,available,38.99,38.99,high,low,6,namesilo,,,20/09/2026 10:30
ff229662-59a0-4569-82e5-ea952ec9c4c6,grizzly.vacations,available,9.99,50.99,high,low,7,name.com,,,20/08/2026 19:16
db882bf4-add8-4ed9-a2d0-c98e064874be,cognitive.vacations,available,9.99,50.99,high,low,9,name.com,,,12/08/2026 15:58
ac61bcef-0b7c-40d4-bbc6-79021559ce70,front.vacations,available,9.99,50.99,high,low,5,name.com,,,24/09/2026 21:48
4c343f0f-17f3-4764-a003-11fc487b0bb1,variations.vacations,available,40.98,49.98,medium,low,10,namecheap,,,18/09/2026 20:13
e56a1d34-e4c0-49b9-be0d-5783931c49a3,loud.vacations,available,40.98,49.98,high,low,4,namecheap,,,24/09/2026 19:25
ac528f7f-d811-4e15-a822-c9ac1dda8614,aerogramme.vacations,available,38.99,38.99,medium,low,10,namesilo,,,17/09/2026 13:05
9248f952-6e8f-47ba-9b19-1902f1ce2733,weirdly.vacations,available,38.99,38.99,medium,low,7,namesilo,,,16/09/2026 11:23
73ab33d7-c700-4258-9260-5b5d7601db2d,kiosks.vacations,available,31.25,31.25,medium,low,6,spaceship,,,02/10/2026 03:27
8085ddc9-31d9-42eb-b12f-9aac41ce4bc2,archives.vacations,available,38.99,38.99,high,low,8,namesilo,,,20/09/2026 02:21
3898fadd-0275-439f-b358-f8fc01beeb1e,premarital.vacations,available,40.98,49.98,high,low,10,namecheap,,,22/09/2026 06:09
93d9d81a-f38a-4c65-9e9c-c01d727838f3,admirers.vacations,available,40.98,49.98,medium,low,8,namecheap,,,02/10/2026 12:50
48fecada-9b57-4c56-b847-11de66f7fe5c,trying.vacations,available,38.99,38.99,high,low,6,namesilo,,,03/09/2026 15:44
a204b4e7-2026-482b-9878-14e4fbd0dec0,electronic.vacations,available,38.99,38.99,high,low,10,namesilo,,,19/09/2026 14:31
a4f78840-bf3c-496e-bd58-09c2b1ff3c93,ablaut.vacations,available,40.98,49.98,medium,low,6,namecheap,,,16/09/2026 16:06
d5a08db6-766e-4444-a8b9-4f9d7935a4ce,thinks.vacations,available,40.98,49.98,high,low,6,namecheap,,,18/09/2026 15:23
f28c135b-9f08-4d47-8ccb-4d0957169353,lili.vacations,available,30.2,30.2,medium,low,4,cloudflare,,,30/09/2026 15:01
95da94fa-8e71-43aa-83ee-4da47bc9607a,slain.vacations,available,38.99,38.99,medium,low,5,namesilo,,,10/09/2026 09:53
2b7d608d-73b7-4e87-94c8-2536f4b89dcc,meritable.vacations,available,9.99,50.99,medium,low,9,name.com,,,24/08/2026 20:53
3562e6df-75e9-42c4-80f8-2d94ddfa4825,woolf.vacations,available,38.99,38.99,medium,low,5,namesilo,,,17/09/2026 07:19
a29ba830-c035-4fe9-aa31-61766911a36c,nobleman.vacations,available,40.98,49.98,high,low,8,namecheap,,,03/09/2026 18:00
ff8bf36b-426c-4b5e-9037-5a9a4531a0d3,smack.vacations,available,38.99,38.99,medium,low,5,namesilo,,,13/09/2026 23:28
eed129e8-1bae-4f4b-bc4a-7e972589f59b,disloyalty.vacations,available,38.99,38.99,medium,low,10,namesilo,,,24/09/2026 22:47
37059c1b-0427-4f13-9992-814b9281429d,rechargeable.vacations,available,31.25,31.25,high,low,12,spaceship,,,01/10/2026 05:50
ccd80359-c7ed-4c13-a43f-fa0b5268459e,vary.vacations,available,38.99,38.99,high,low,4,namesilo,,,25/09/2026 21:59
be12e36a-2ade-47d1-9b47-d68de2598453,revolve.vacations,available,38.99,38.99,high,low,7,namesilo,,,01/10/2026 03:10
4a2aa438-b82d-4f93-9d27-0976684dd01d,fiscal.vacations,available,38.99,38.99,high,low,6,namesilo,,,19/09/2026 10:22
11486b9f-bcdb-4d13-87b3-15fd3a8000bc,belinda.vacations,available,30.2,30.2,medium,low,7,cloudflare,,,29/09/2026 09:21
08a65f1e-4b7c-4c7a-8953-4e35d5ca488c,shelves.vacations,available,38.99,38.99,medium,low,7,namesilo,,,29/09/2026 16:26
88887d3f-2492-438b-8686-8017180fad1e,clothed.vacations,available,9.99,50.99,high,low,7,name.com,,,12/08/2026 09:12
59f58924-fee8-456f-87e4-09c13ddebba5,exhibition.vacations,available,31.25,31.25,high,low,10,spaceship,,,29/09/2026 18:34
82b4d58d-4cbc-4e63-b395-e28cec61afb4,narrated.vacations,available,38.99,38.99,medium,low,8,namesilo,,,02/10/2026 13:47
75938394-547c-406b-9519-ffcc9c9818f1,rebuild.vacations,available,38.99,38.99,high,low,7,namesilo,,,28/09/2026 06:58
a15eccb0-f6ef-4406-b062-f10d4dd45806,analogical.vacations,available,9.99,50.99,medium,low,10,name.com,,,
34a739c3-7f94-4abc-b87b-10dc6c108031,overeat.vacations,available,40.98,49.98,medium,low,7,namecheap,,,23/09/2026 17:26
e50b0134-fdf0-4b90-8bbc-dbfbb3f59ffe,inimitable.vacations,available,9.99,50.99,high,low,10,name.com,,,22/08/2026 05:23
5082bef5-2de2-4486-b04d-34c66845fe81,above.vacations,available,38.99,38.99,high,low,5,namesilo,,,21/09/2026 14:29
4c5675a7-dafa-4937-924a-b3fb38d45bce,lomax.vacations,available,31.25,31.25,medium,low,5,spaceship,,,29/09/2026 22:37
b20bc5a1-758a-4236-a2f0-f383aaab4113,digits.vacations,available,9.99,,high,low,6,name.com,,,
021d4bd7-e1b0-4ca7-adae-dcf7c3deaa8c,newcomb.vacations,available,38.99,38.99,high,low,7,namesilo,,,29/09/2026 13:33
c191973d-dbdc-453f-89e7-ba97bd96b063,lithic.vacations,available,9.99,50.99,medium,low,6,name.com,,,24/08/2026 07:28
b577db85-98b5-4620-996a-5e9a7d2aa6a0,alabama.vacations,premium,242,242,high,low,7,namesilo,,,28/09/2026 20:00
02f68758-1547-40e9-986a-a9b843b696e2,repository.vacations,available,38.99,38.99,high,low,10,namesilo,,,24/09/2026 21:59
00b98ccc-0f7c-493d-b74f-f38f0243f28d,descendent.vacations,available,9.99,50.99,medium,low,10,name.com,,,14/08/2026 03:16
1b8434cb-5b5c-40d1-af8b-a599b7e84523,astonished.vacations,available,40.98,49.98,high,low,10,namecheap,,,22/09/2026 03:35
c8d1a3bc-f31e-43d3-9ecf-e52da7e339c2,inez.vacations,available,31.25,31.25,medium,low,4,spaceship,,,30/09/2026 05:00
ed264c35-ba0e-4ef3-825b-1680ab2fcb14,abor.vacations,available,38.99,38.99,medium,low,4,namesilo,,,16/09/2026 16:36
767d9cb4-33eb-42da-8c47-642cafbc6f98,subatomic.vacations,available,38.99,38.99,medium,low,9,namesilo,,,10/09/2026 23:38
b1649d5f-32c8-4bf4-b551-46e32174627e,elsie.vacations,available,38.99,38.99,high,low,5,namesilo,,,27/09/2026 07:34
77e76695-44c5-4baa-b80f-de34f6fedb26,antithesis.vacations,available,38.99,38.99,medium,low,10,namesilo,,,19/09/2026 15:11
47271905-7da4-4e27-92d0-f936ca6971ac,donatello.vacations,available,38.99,38.99,high,low,9,namesilo,,,02/10/2026 14:52
08c4383c-8714-4a8b-96ca-a5120c960da7,braun.vacations,available,38.99,38.99,high,low,5,namesilo,,,25/09/2026 02:19
616c3f0e-c93a-4698-81be-af7bfb23ed08,revengeful.vacations,available,38.99,38.99,medium,low,10,namesilo,,,09/09/2026 16:00
04cda39d-b65b-4981-ac1b-86c18244fa63,engel.vacations,available,31.25,31.25,high,low,5,spaceship,,,28/09/2026 04:50
c2de10f0-ed6b-466a-9ddf-9b8abdf3a27b,abstractly.vacations,available,38.99,38.99,medium,low,10,namesilo,,,13/09/2026 16:42
08f02e7b-af12-4add-8ced-9a469d7c53a0,adopter.vacations,available,38.99,38.99,medium,low,7,namesilo,,,17/09/2026 09:39
355e191f-0f95-4781-bfe5-71d5917efd27,emission.vacations,available,59.99,59.99,high,low,8,godaddy,,,30/09/2026 01:30
608240e9-24ef-471f-b9eb-39ac30a83b38,questioned.vacations,available,31.25,31.25,low,low,10,spaceship,,,28/09/2026 08:50
9fb012e6-ad86-43d5-acf8-64bb6e64ac56,command.vacations,available,38.99,38.99,high,low,7,namesilo,,,23/09/2026 13:28
fca581f5-4dae-479a-a9b4-259950ed682b,disrespectful.vacations,available,5.57,32.21,medium,low,13,dynadot,,,30/09/2026 19:29
c795900c-8799-4a86-bb3e-092a0ccc1969,usb.vacations,available,38.99,38.99,high,low,3,namesilo,,,28/09/2026 03:21
5cac0446-b15a-42f9-b491-c40341f20f0f,luckless.vacations,available,9.99,50.99,medium,low,8,name.com,,,24/08/2026 10:59
d69afd9a-ba4b-4bc8-b150-df7fd136aa66,xii.vacations,premium,38.94,38.94,high,low,3,namesilo,,,21/09/2026 11:25
33da234b-fd2a-4bed-98d2-590e447ba12f,assigned.vacations,available,9.99,50.99,medium,low,8,name.com,,,07/08/2026 06:35
2388cc26-029f-4218-85fd-9b50a0ed61c1,brice.vacations,available,40.98,49.98,medium,low,5,namecheap,,,29/09/2026 14:56
219e7a37-256a-423d-a726-1e65d45ee68a,organisms.vacations,available,5.57,32.21,medium,low,9,dynadot,,,30/09/2026 23:35
aa09c2c0-085b-4696-8f23-e0df3bac77c0,gyral.vacations,available,9.99,50.99,medium,low,5,name.com,,,20/08/2026 21:19
010f1206-e5dc-4324-8d59-f95f8292e8d1,dire.vacations,available,9.99,50.99,medium,low,4,name.com,,,14/08/2026 08:44
fdebc1fd-3f75-482d-ba46-88275f3df5f7,cook.vacations,available,38.99,38.99,high,low,4,namesilo,,,27/09/2026 10:07
75731ad5-70e0-4171-9855-8e5eccf2e600,bristol.vacations,premium,118.8,118.8,high,low,7,namesilo,,,24/09/2026 10:36
0a55ef0a-b419-4ffc-ade5-de26a0e52eec,bedclothes.vacations,available,38.99,38.99,high,low,10,namesilo,,,22/09/2026 22:48
6d4467fa-bb4c-461c-a05d-8d5920f3ce90,warrior.vacations,available,38.99,38.99,high,low,7,namesilo,,,27/09/2026 05:52
589e15ea-f3f6-47b8-9289-e96b3253a18b,homework.vacations,available,38.99,38.99,high,low,8,namesilo,,,28/09/2026 06:00